,lon,lat,res-25,res-77,res-136,res-201,res-273,res-353,res-442,res-541,res-650,res-772,res-907,res-1056,res-1223,res-1407,res-1612,res-1839,res-2092,res-2372,res-2683,res-3028,res-3411,res-3837,res-4309,res-4833,res-5414,res-6060,res-6776,res-7572,res-8455,res-9435,res-10523,res-11730,res-13071,res-14559,res-16210,res-18043,res-20078,res-22337,res-24844,res-27627,res-30716,res-34145,res-37951,res-42175,res-46865,res-52070,res-57847,res-64261,res-71379,res-79281,res-88052,res-97788,res-108595,res-120590,res-133905,res-148685,res-165090,res-183300,res-203513,res-225950,res-250854,res-278498,res-309183,neoFaults,archFaults,gairFaults,aster1-AlOH-cont,aster2-AlOH,aster3-FeOH-cont,aster4-Ferric-cont,aster5-Ferrous-cont,aster6-Ferrous-index,aster7-MgOH-comp,aster8-MgOH-cont,aster9-green,aster10-kaolin,aster11-opaque,aster12-quartz,aster13-regolith-b3,aster14-regolith-b4,aster15-silica,base16,dem17,dtb18,mag19-2vd,mag20-rtp,mag21-tmi,rad22-dose,rad23-k,rad24-th,rad25-u,grav26,archean27,geol28,random,deposit
0,134.7414411,-29.0183703,2.2281,2.3036,2.3346,2.3497,2.3615,2.3737,2.3863,2.3987,2.41,2.4193,2.4252,2.4258,2.4188,2.4025,2.3777,2.3499,2.3284,2.322,2.3374,2.3815,2.4343,2.462,2.4423,2.3744,2.2724,2.1648,2.123,2.216,2.4136,2.6387,2.8418,3.0055,3.1279,3.2103,3.2523,3.2514,3.2057,3.1189,3.0064,2.8927,2.7923,2.7068,2.6358,2.5801,2.5399,2.5155,2.5066,2.5109,2.5225,2.5351,2.5439,2.5452,2.5357,2.5125,2.4749,2.4254,2.3695,2.3134,2.2617,2.2164,2.1778,2.1447,2.1154,0.8190513091249637,0.005252099171748219,0.0903828854640585,2.1129300594329834,1.0960638523101807,1.9779796600341797,1.1583205461502075,-9999.0,0.7517462968826294,-9999.0,0.9986140131950378,1.1770036220550537,0.905072808265686,-9999.0,0.5039571523666382,1.2707676887512207,1.4580236673355103,1.04557204246521,-356.459228515625,213.78372192382812,-9999.0,0.000593993638176471,332.5047607421875,68.7332992553711,36.7517204284668,0.627280592918396,7.207612037658691,54.92597961425781,-13.218935012817383,18080,6658,-999.0,1
1,135.391986,-29.6699523,2.1359,2.195,2.2239,2.2411,2.2547,2.2676,2.28,2.2919,2.3028,2.312,2.3183,2.3199,2.3145,2.3029,2.2905,2.274,2.2336,2.145,1.979,1.715,1.395,1.1605,1.1485,1.3741,1.7012,2.0061,2.2465,2.4222,2.5414,2.6107,2.6358,2.6231,2.5787,2.5057,2.4011,2.2565,2.0681,1.8692,1.7658,1.8473,2.0395,2.2373,2.3981,2.5221,2.6228,2.7127,2.7996,2.8865,2.9711,3.0454,3.0949,3.1003,3.0443,2.9198,2.7369,2.5221,2.3135,2.1528,2.0659,2.0428,2.0511,2.0644,2.0711,0.5947348578754905,0.004856383993200986,0.11861902546276817,2.0872585773468018,1.0716084241867065,1.983860731124878,1.481557846069336,0.8132472634315491,0.8144267797470093,0.9781591296195984,1.0102992057800293,1.2442500591278076,0.9262983798980713,-9999.0,0.5046886205673218,0.9021741151809692,1.3158085346221924,1.0639615058898926,107.75696563720703,221.4447784423828,-85.8262939453125,-0.016443174332380295,5339.7431640625,4458.759765625,44.15789031982422,0.8971947431564331,10.90803050994873,52.392555236816406,10.585226058959961,18080,8042,999.0,1
2,138.7080445,-29.5849344,1.9693,1.9416,1.9137,1.8858,1.856,1.822,1.7815,1.7318,1.6706,1.5966,1.5112,1.4213,1.338,1.2682,1.2028,1.1179,0.99,0.812,0.5907,0.3707,0.305,0.592,1.0999,1.6126,2.0138,2.2692,2.3991,2.4592,2.4814,2.483,2.4772,2.4698,2.4609,2.4479,2.4278,2.3978,2.3562,2.3029,2.2402,2.173,2.1101,2.0633,2.0463,2.0707,2.1402,2.2474,2.3764,2.509,2.6297,2.7284,2.7992,2.8403,2.8512,2.8328,2.7864,2.7147,2.6219,2.5142,2.3995,2.2869,2.1852,2.1005,2.0351,0.5454702529210681,0.7601572712957491,2.124074192506147,2.0399551391601562,1.1352238655090332,2.0126867294311523,1.4392211437225342,0.8990896940231323,0.8990896940231323,1.0359137058258057,1.02895987033844,1.2981047630310059,0.9225505590438843,-9999.0,0.514499306678772,0.8805969953536987,1.2629849910736084,1.178767442703247,-268.73162841796875,118.41532897949219,-9999.0,1.6046429891503067e-06,-296.667236328125,14.32326602935791,29.020292282104492,0.2574666440486908,6.598291873931885,52.69673538208008,-3.770657777786255,19214,8042,-999.0,1
3,138.7098755,-29.5037734,1.934,1.8864,1.8429,1.8009,1.7567,1.7063,1.6463,1.5735,1.4854,1.3815,1.2673,1.16,1.0886,1.0822,1.1509,1.2813,1.4473,1.6197,1.767,1.8716,1.9749,2.1582,2.3642,2.5136,2.5915,2.6131,2.5992,2.5751,2.5536,2.539,2.5325,2.5315,2.5316,2.5281,2.5166,2.4936,2.4564,2.4038,2.3366,2.2583,2.176,2.1009,2.0475,2.0309,2.0607,2.136,2.2452,2.3703,2.4943,2.6037,2.6901,2.7491,2.7789,2.7794,2.7514,2.6972,2.6203,2.526,2.4213,2.3147,2.2146,2.128,2.0583,0.595457191553813,0.7863337361789163,2.16223641129639,2.009145736694336,1.1174771785736084,2.0384573936462402,1.4413783550262451,0.8802488446235657,0.8802488446235657,1.0158418416976929,1.0286734104156494,1.2921147346496582,0.9431320428848267,-9999.0,0.5127545595169067,0.8838759660720825,1.2695348262786865,1.2189533710479736,-344.6602478027344,100.4946060180664,-9999.0,-5.177512321097311e-07,-332.26446533203125,-38.08030700683594,28.41217041015625,0.6368744373321533,5.2266435623168945,71.227294921875,-3.009861946105957,19214,6658,999.0,1
4,139.5312594,-29.7917895,2.1202,2.159,2.1701,2.169,2.1628,2.1532,2.1411,2.129,2.1236,2.1336,2.1636,2.2111,2.2736,2.3523,2.4435,2.5308,2.5862,2.5725,2.4371,2.1266,1.6785,1.5156,1.5279,1.7525,2.0335,2.2191,2.3086,2.3461,2.3588,2.3584,2.3504,2.3393,2.3286,2.3204,2.3155,2.3137,2.3143,2.3166,2.3203,2.3264,2.3373,2.357,2.3903,2.4411,2.5093,2.5893,2.6714,2.7441,2.798,2.8269,2.8286,2.804,2.7558,2.6878,2.6037,2.5078,2.4042,2.298,2.1952,2.1025,2.0258,1.968,1.9286,0.0024951354619586505,0.0024951354619586505,2.801547979675089,2.288123607635498,1.0898168087005615,1.765043020248413,1.4902313947677612,-9999.0,0.8568557500839233,-9999.0,0.9396477937698364,1.381847620010376,0.7947747111320496,-9999.0,0.5114723443984985,0.8681962490081787,1.2740159034729004,1.0923879146575928,126.67143249511719,126.83187866210938,-7.75279426574707,0.00129330949857831,-408.1788024902344,-113.13663482666016,149.30587768554688,3.244335174560547,33.77783203125,140.24505615234375,-18.1654109954834,17262,16926,-999.0,1
5,135.5776179,-29.7184253,2.038,2.0496,2.0519,2.0512,2.05,2.0484,2.0461,2.0427,2.0374,2.029,2.0159,1.995,1.9629,1.9201,1.8777,1.8387,1.789,1.7115,1.5866,1.411,1.2387,1.1917,1.3373,1.6051,1.8809,2.1051,2.2718,2.3932,2.4797,2.5367,2.5665,2.5702,2.5483,2.4995,2.4194,2.301,2.1434,1.9802,1.9068,1.9944,2.1703,2.3449,2.4842,2.5889,2.6704,2.7399,2.8062,2.8744,2.9457,3.0162,3.0743,3.1006,3.0731,2.9772,2.8165,2.6136,2.4043,2.2286,2.1164,2.0682,2.0589,2.063,2.0659,0.5318096212363276,0.01516357110213183,0.1010988631712143,2.1222219467163086,1.098165512084961,1.9641051292419434,1.1748535633087158,0.7823644876480103,0.7823644876480103,1.0258357524871826,1.0632869005203247,1.3079391717910767,0.900397777557373,-9999.0,0.506131649017334,1.1975221633911133,1.4047110080718994,1.0155327320098877,114.37750244140625,209.07791137695312,-9999.0,0.0117168128490448,2183.200927734375,668.7092895507812,63.860877990722656,1.0022119283676147,14.44045639038086,52.55501174926758,4.345998764038086,18080,8042,-999.0,1
6,139.6474724,-30.0038185,2.1829,2.2446,2.264,2.2664,2.264,2.2603,2.2552,2.2476,2.2367,2.2221,2.2036,2.1822,2.1616,2.1512,2.167,2.2346,2.3995,2.6782,2.9568,3.0813,3.0099,3.1104,3.0682,2.9976,3.0026,3.0397,3.0899,3.1422,3.1838,3.2057,3.208,3.1968,3.1791,3.16,3.1425,3.1276,3.1161,3.108,3.1034,3.102,3.103,3.1047,3.105,3.1017,3.0919,3.0735,3.0449,3.0057,2.956,2.8963,2.8271,2.7486,2.6609,2.5646,2.4609,2.352,2.2415,2.1344,2.037,1.9559,1.896,1.8587,1.8413,0.038660134256049784,0.0016037378748647822,2.7971646959889758,2.074711322784424,1.0963826179504395,1.9666866064071655,1.3867329359054565,0.8461815714836121,0.8603237867355347,1.0440729856491089,1.0181039571762085,1.3153740167617798,0.9224705696105957,-9999.0,0.5070527195930481,0.9231792688369751,1.2755568027496338,1.0608901977539062,253.712646484375,256.141845703125,-12.031339645385742,0.0047022318467497826,598.0206909179688,589.6468505859375,257.26861572265625,3.6270246505737305,86.23800659179688,231.1787872314453,-0.3748853802680969,17138,16926,-999.0,1
7,139.5757964,-30.1006925,2.4024,2.5204,2.5504,2.5508,2.5454,2.5393,2.5316,2.5207,2.5053,2.4847,2.4577,2.4227,2.3783,2.3246,2.2645,2.2051,2.1568,2.1178,2.0309,1.7758,1.3434,1.2291,1.3218,1.6755,2.1176,2.4744,2.73,2.9118,3.039,3.1216,3.1672,3.1841,3.1799,3.1607,3.132,3.0983,3.0641,3.033,3.0079,2.9905,2.9812,2.9788,2.9809,2.9842,2.984,2.976,2.9572,2.9265,2.8843,2.831,2.7669,2.6917,2.6056,2.5089,2.4035,2.2925,2.1803,2.0731,1.9779,1.9016,1.8489,1.8203,1.812,0.04625653800627882,0.004461355315448381,2.689576870634091,2.07460880279541,1.136049509048462,1.992323637008667,1.2353718280792236,0.8994866609573364,0.8994866609573364,1.0391346216201782,1.0354304313659668,1.3146082162857056,0.9064988493919373,-9999.0,0.5021375417709351,1.0229159593582153,1.262985348701477,1.0820128917694092,102.36013793945312,110.50440979003906,-9999.0,-0.002075484022498131,-215.49998474121094,212.55711364746094,259.8595886230469,3.234206199645996,69.70756530761719,219.52880859375,-14.362794876098633,17138,2006,999.0,1
8,139.5282174,-30.1366665,2.4024,2.5204,2.5504,2.5508,2.5454,2.5393,2.5316,2.5207,2.5053,2.4847,2.4577,2.4227,2.3783,2.3246,2.2645,2.2051,2.1568,2.1178,2.0309,1.7758,1.3434,1.2291,1.3218,1.6755,2.1176,2.4744,2.73,2.9118,3.039,3.1216,3.1672,3.1841,3.1799,3.1607,3.132,3.0983,3.0641,3.033,3.0079,2.9905,2.9812,2.9788,2.9809,2.9842,2.984,2.976,2.9572,2.9265,2.8843,2.831,2.7669,2.6917,2.6056,2.5089,2.4035,2.2925,2.1803,2.0731,1.9779,1.9016,1.8489,1.8203,1.812,0.03948675933901842,0.012295285692998592,2.6310364637277903,2.0731277465820312,1.0890307426452637,1.9490690231323242,1.237845540046692,-9999.0,0.8397759199142456,-9999.0,0.9952459335327148,1.2640159130096436,0.9255516529083252,-9999.0,0.5060321092605591,1.0477453470230103,1.2968637943267822,1.1145870685577393,124.31703186035156,149.39857482910156,-85.141357421875,-0.0008555444073863328,-210.29312133789062,253.04742431640625,99.39567565917969,2.020965576171875,26.03763198852539,112.97305297851562,-15.57130241394043,14500,2006,999.0,1
9,139.4956174,-30.1516565,2.7204,2.9255,2.9764,2.9786,2.9729,2.9675,2.961,2.951,2.9367,2.9177,2.8937,2.8632,2.8236,2.772,2.7072,2.6324,2.5581,2.4966,2.4175,2.1952,1.8509,2.1441,2.411,2.6749,2.9865,3.2305,3.3955,3.5027,3.5636,3.5831,3.5667,3.5215,3.4553,3.3756,3.2898,3.2048,3.1275,3.0634,3.0167,2.989,2.9796,2.9853,3.001,3.0205,3.0364,3.0418,3.0325,3.0068,2.9654,2.9095,2.8401,2.7576,2.6626,2.5562,2.4408,2.32,2.1991,2.0848,1.9845,1.9052,1.8511,1.8223,1.8143,0.023215624292991368,0.010866371601052239,2.5951634615847436,2.040938138961792,1.075195074081421,1.9767413139343262,1.28201162815094,-9999.0,0.8273018002510071,-9999.0,1.0006417036056519,1.2598152160644531,0.9457029104232788,-9999.0,0.5064685344696045,1.015165090560913,1.3012025356292725,1.164000391960144,143.07472229003906,156.78131103515625,-91.26454162597656,0.0006731086177751422,209.97219848632812,310.891845703125,277.6263122558594,1.8004409074783325,69.17133331298828,187.27688598632812,-18.504344940185547,14500,15524,-999.0,1
10,139.5573034,-30.1165065,2.4024,2.5204,2.5504,2.5508,2.5454,2.5393,2.5316,2.5207,2.5053,2.4847,2.4577,2.4227,2.3783,2.3246,2.2645,2.2051,2.1568,2.1178,2.0309,1.7758,1.3434,1.2291,1.3218,1.6755,2.1176,2.4744,2.73,2.9118,3.039,3.1216,3.1672,3.1841,3.1799,3.1607,3.132,3.0983,3.0641,3.033,3.0079,2.9905,2.9812,2.9788,2.9809,2.9842,2.984,2.976,2.9572,2.9265,2.8843,2.831,2.7669,2.6917,2.6056,2.5089,2.4035,2.2925,2.1803,2.0731,1.9779,1.9016,1.8489,1.8203,1.812,0.046094563773267656,0.004084594664633423,2.6660133635272554,2.219297409057617,1.1048812866210938,1.8967822790145874,1.1873419284820557,-9999.0,0.800979733467102,-9999.0,0.9781243205070496,1.352729320526123,0.8825771808624268,-9999.0,0.5112698674201965,1.169443964958191,1.3833081722259521,1.0973117351531982,112.12051391601562,131.366455078125,-9999.0,-0.00019780837465077639,-201.06849670410156,136.87269592285156,157.79148864746094,3.3725152015686035,53.89375305175781,175.70895385742188,-15.656455993652344,14500,2006,999.0,1
11,137.0133427,-30.1749004,2.07,2.1016,2.1204,2.1323,2.141,2.1484,2.1552,2.1615,2.1673,2.1723,2.1764,2.1791,2.1804,2.1809,2.1818,2.1843,2.187,2.1874,2.1841,2.177,2.1662,2.1504,2.1272,2.0928,2.0445,1.9823,1.9102,1.835,1.7608,1.6873,1.6132,1.5387,1.4661,1.3979,1.3352,1.2778,1.2276,1.1933,1.193,1.2461,1.3539,1.4927,1.6357,1.7711,1.9009,2.0342,2.1811,2.348,2.5345,2.7319,2.9204,3.0683,3.1401,3.1132,2.9921,2.8043,2.5845,2.3639,2.1694,2.0232,1.9368,1.9048,1.9084,0.23004973656584032,0.006648076657947668,0.3987867847851109,2.0424368381500244,1.1007952690124512,1.9945244789123535,1.6114590167999268,0.9213099479675293,0.9213099479675293,1.0352507829666138,1.0316764116287231,1.3593218326568604,0.9345630407333374,-9999.0,0.5090765953063965,0.7414010167121887,1.1947433948516846,1.2005767822265625,-946.1982421875,103.57365417480469,-864.4763793945312,-6.014315658831038e-06,-90.62682342529297,729.4044189453125,21.29779815673828,0.3774711489677429,4.446788787841797,44.77216339111328,-5.046329975128174,18041,8042,-999.0,1
12,139.5917354,-30.1913655,2.3406,2.4367,2.4567,2.4522,2.4433,2.4339,2.4228,2.4083,2.3889,2.3635,2.3308,2.2889,2.2353,2.1676,2.0829,1.9787,1.8507,1.6862,1.4472,1.0734,0.5787,0.2505,0.2523,0.6482,1.1808,1.6593,2.041,2.3369,2.5652,2.7394,2.8684,2.9577,3.0112,3.0329,3.0277,3.0015,2.9604,2.91,2.8554,2.801,2.751,2.7099,2.6816,2.6671,2.6629,2.6625,2.6593,2.6492,2.6298,2.5998,2.5578,2.5029,2.4347,2.3542,2.2638,2.167,2.0687,1.9752,1.8933,1.8301,1.7901,1.7738,1.777,0.12264902002088468,0.008767986630891319,2.65999321139861,2.092363119125366,1.1152840852737427,1.9739981889724731,1.2580512762069702,0.8851313591003418,0.883873462677002,1.061651349067688,1.0095590353012085,1.3160195350646973,0.9065892696380615,-9999.0,0.5124461650848389,1.0095590353012085,1.2618498802185059,1.196727991104126,-406.98724365234375,89.73638153076172,-9999.0,-5.7329394621774554e-05,-346.7574462890625,-31.01656723022461,84.274169921875,1.2535045146942139,23.669269561767578,89.66014099121094,-9.859439849853516,14500,2006,999.0,1
13,139.3404714,-30.2232535,3.086,3.3962,3.4785,3.4929,3.4997,3.5103,3.5224,3.5323,3.5384,3.5401,3.5373,3.5297,3.5166,3.4976,3.4732,3.4472,3.4287,3.4298,3.4485,3.4477,3.4116,3.4889,3.6005,3.7638,3.9177,4.0166,4.0812,4.1286,4.1608,4.1732,4.1598,4.1144,4.0336,3.9191,3.7785,3.6231,3.4651,3.3147,3.1794,3.0641,2.972,2.9053,2.8648,2.8479,2.8464,2.8488,2.845,2.8295,2.7998,2.7552,2.6951,2.6191,2.5278,2.4233,2.3096,2.192,2.0773,1.9728,1.8856,1.8217,1.784,1.7712,1.7777,0.038961648499069454,0.014228510376035007,2.424330990280854,2.026942729949951,1.0825552940368652,-9999.0,1.459303617477417,-9999.0,0.7880226373672485,-9999.0,-9999.0,1.5154054164886475,-9999.0,0.4229508340358734,0.5032409429550171,0.9431945085525513,1.3762335777282715,1.0535106658935547,477.16619873046875,531.4339599609375,-3.4765520095825195,0.0007491682190448046,26.30226707458496,280.5968017578125,359.561767578125,4.566417694091797,73.31594848632812,560.39697265625,-26.86471176147461,18250,17436,-999.0,1
14,136.8893697,-30.4403264,1.9925,1.9914,1.9871,1.979,1.9676,1.953,1.9347,1.9118,1.8837,1.8505,1.8132,1.7739,1.7373,1.7183,1.7378,1.8032,1.8942,1.9813,2.0462,2.0862,2.1072,2.1174,2.1226,2.1261,2.1292,2.1323,2.1356,2.1394,2.1436,2.148,2.1527,2.1583,2.1661,2.177,2.1913,2.2089,2.2289,2.2517,2.2782,2.3106,2.3501,2.3969,2.4507,2.5118,2.5812,2.66,2.749,2.8475,2.951,3.0493,3.1243,3.1521,3.1101,2.9883,2.7941,2.5489,2.2811,2.0266,1.8268,1.7147,1.6948,1.7411,1.8142,0.4992154498366118,0.020652787037041636,0.11628231221239568,2.063993453979492,1.0771191120147705,1.9334189891815186,1.6020921468734741,1.0076537132263184,1.0076537132263184,1.0805357694625854,1.0909667015075684,1.2830625772476196,0.9354640245437622,0.4382544159889221,0.5082924962043762,0.6872811317443848,1.0690785646438599,1.1090307235717773,-1181.845458984375,99.81511688232422,-9999.0,-0.0009028250933624804,1630.111328125,1415.4573974609375,15.014373779296875,0.4217839539051056,4.008877277374268,30.947662353515625,-3.8748457431793213,17060,5694,-999.0,1
15,139.9493353,-31.4707135,2.0315,2.0438,2.0385,2.0212,1.9973,1.9695,1.9387,1.9055,1.8696,1.8302,1.7854,1.732,1.668,1.5966,1.532,1.5044,1.6072,1.9235,2.2494,2.447,2.5319,2.5911,2.6813,2.7995,2.9182,3.0137,3.07,3.0746,3.0176,2.894,2.7073,2.4706,2.2108,1.9717,1.8068,1.7472,1.7672,1.7959,1.7676,1.6775,1.6075,1.6472,1.7925,1.9758,2.1397,2.2634,2.3515,2.4165,2.4699,2.519,2.5669,2.6133,2.6546,2.6843,2.6946,2.6774,2.6268,2.5407,2.423,2.2843,2.1416,2.0144,1.9185,0.41833846204943814,0.09977054373742437,2.5120445271021583,2.0863757133483887,1.0930943489074707,1.95206880569458,1.4034247398376465,-9999.0,0.9258408546447754,-9999.0,0.9992295503616333,1.378037929534912,0.9179124236106873,-9999.0,0.5063483715057373,0.8414918184280396,1.1809439659118652,1.1314475536346436,-558.5156860351562,80.7791748046875,-9999.0,-1.1711468687281013e-05,1.2839651107788086,153.71713256835938,27.125017166137695,0.7882159352302551,5.8276166915893555,39.02531051635742,-25.148883819580078,18454,2006,999.0,1
16,137.4061556,-31.1818404,1.9846,1.9756,1.9684,1.962,1.9558,1.9493,1.942,1.9338,1.9244,1.9136,1.9012,1.8868,1.8702,1.851,1.8286,1.8027,1.7733,1.7418,1.7104,1.6815,1.6571,1.6398,1.632,1.6355,1.6504,1.6758,1.7102,1.7519,1.7992,1.8506,1.9046,1.9604,2.0173,2.0752,2.134,2.194,2.2555,2.3181,2.3811,2.4427,2.5008,2.5534,2.5985,2.6349,2.6617,2.6782,2.6837,2.677,2.6552,2.6139,2.5466,2.4466,2.3092,2.1335,1.924,1.6938,1.4714,1.3071,1.259,1.3457,1.5204,1.7103,1.8628,0.6243588137934356,0.025101383012120462,0.2658950169533696,2.0639266967773438,1.0902069807052612,2.014843702316284,1.6838051080703735,0.864101767539978,0.8748539090156555,1.014665126800537,1.0206570625305176,1.3910181522369385,0.9461400508880615,-9999.0,0.508819580078125,0.740882396697998,1.246314525604248,1.177459716796875,-376.1057434082031,95.738037109375,-492.3130798339844,9.862043225439265e-05,66.24874877929688,-20.530197143554688,32.31439971923828,0.5534608364105225,6.483185768127441,42.66739273071289,-21.910057067871094,18032,15524,-999.0,1
17,140.7901892,-31.1932535,2.0708,2.0953,2.1032,2.103,2.0991,2.0928,2.0842,2.0728,2.0577,2.0382,2.0138,1.9838,1.9482,1.9071,1.8601,1.8054,1.7439,1.6941,1.7033,1.7726,1.8452,1.8973,1.9339,1.9586,1.9354,1.7905,1.5312,1.2852,1.1144,0.914,0.6814,0.8421,1.3754,1.8902,2.2689,2.49,2.5247,2.3774,2.1251,1.8702,1.6897,1.6057,1.6016,1.6524,1.7374,1.8418,1.9558,2.0726,2.1862,2.2907,2.3818,2.457,2.5144,2.5509,2.5601,2.5339,2.4666,2.3585,2.2184,2.064,1.9197,1.8097,1.748,0.580147884568961,0.02214886011145173,3.3946129585302582,2.067704677581787,1.089808702468872,1.9705963134765625,1.4607487916946411,0.9055418372154236,0.8972402811050415,1.056006908416748,1.0189131498336792,1.3876762390136719,0.9229435324668884,-9999.0,0.5065566897392273,0.8314582109451294,1.2145280838012695,1.146531105041504,-196.08132934570312,65.54629516601562,-9999.0,7.475316579075297e-07,182.1236572265625,221.71475219726562,35.83074188232422,0.7212913036346436,7.649092674255371,46.24046325683594,-1.0199437141418457,18454,2030,999.0,1
18,134.0286771,-30.6063473,2.5083,2.6589,2.6899,2.6697,2.6296,2.5794,2.5229,2.4661,2.4199,2.3988,2.4141,2.4674,2.5492,2.6451,2.7417,2.8254,2.8755,2.862,2.7654,2.619,2.522,2.6114,2.8419,3.0883,3.337,3.5808,3.7998,3.9684,4.0658,4.0809,4.0162,3.8858,3.7096,3.5076,3.2977,3.0956,2.9162,2.774,2.6825,2.6496,2.6736,2.7436,2.8453,2.9671,3.1018,3.2448,3.3912,3.5331,3.6585,3.7525,3.8006,3.7924,3.723,3.5923,3.4012,3.1501,2.8403,2.4864,2.1452,1.9286,1.8976,1.9911,2.111,1.2776073599120519,0.0023427080411953416,0.26564982634812945,2.0567615032196045,1.0561437606811523,1.980825662612915,1.431403636932373,0.9512876868247986,0.9512876868247986,1.0192666053771973,1.022538661956787,1.3553357124328613,0.9466536045074463,-9999.0,0.5059803128242493,0.7763676643371582,1.1109408140182495,1.1713457107543945,86.5401611328125,121.55620574951172,-27.470552444458008,-0.0001271624059882015,-196.30618286132812,-331.4866943359375,20.826826095581055,0.5495765209197998,3.822084426879883,38.708702087402344,-43.91783905029297,17060,16926,999.0,1
19,136.7485907,-30.6206854,1.9684,1.9468,1.9235,1.8957,1.8607,1.8147,1.7531,1.6712,1.5689,1.4606,1.3837,1.3836,1.4783,1.651,1.8674,2.0861,2.2698,2.3998,2.4762,2.5088,2.5106,2.493,2.4643,2.4295,2.3913,2.3513,2.3106,2.2704,2.2322,2.1981,2.1709,2.1539,2.1504,2.1629,2.1919,2.2363,2.2935,2.3599,2.4321,2.5069,2.5823,2.6567,2.7294,2.8005,2.87,2.9382,3.0044,3.0662,3.1188,3.1534,3.157,3.1136,3.0084,2.8324,2.5858,2.2795,1.9437,1.6412,1.4518,1.4123,1.4929,1.6317,1.7717,0.6311373053356487,0.02472836608126963,0.07483424688645382,2.0703611373901367,1.0882582664489746,2.0034782886505127,1.6538093090057373,0.9541625380516052,0.9361194372177124,1.02495539188385,1.034624457359314,1.4259343147277832,0.9207997918128967,-9999.0,0.5095099210739136,0.7134547233581543,1.1623766422271729,1.1558926105499268,-768.8026123046875,100.00064086914062,-874.8701782226562,0.0009842623258009553,2467.56591796875,104.70006561279297,19.35895538330078,0.39150166511535645,3.5358383655548096,37.26335906982422,-2.573561668395996,17186,13222,999.0,1
20,137.4963096,-31.2193554,2.0132,2.0186,2.0216,2.0235,2.025,2.0263,2.0275,2.0286,2.0295,2.0301,2.0302,2.0297,2.028,2.0247,2.019,2.011,2.0027,2.0,2.0086,2.0289,2.056,2.0843,2.11,2.1327,2.1539,2.1757,2.1997,2.2267,2.2569,2.2896,2.3239,2.359,2.3943,2.4299,2.4659,2.5033,2.5428,2.5851,2.6299,2.6756,2.7196,2.7591,2.7908,2.8124,2.8215,2.8168,2.7976,2.7633,2.7127,2.6432,2.5514,2.4337,2.2886,2.1181,1.9293,1.736,1.5628,1.4484,1.4311,1.5161,1.6626,1.8146,1.9322,0.5271506274058131,0.06469413237482931,0.3412983843921522,2.0154385566711426,1.0996923446655273,2.0377776622772217,1.6006784439086914,0.8594342470169067,0.8884738683700562,1.0180995464324951,1.0461509227752686,1.3628994226455688,0.9670851826667786,-9999.0,0.5137470364570618,0.7766497135162354,1.238753080368042,1.2294337749481201,-638.0458984375,117.84271240234375,-463.90753173828125,1.257776420970913e-05,277.4468688964844,88.60267639160156,27.870418548583984,0.5140820741653442,6.948413372039795,41.415767669677734,-19.68488311767578,18032,15524,-999.0,1
21,136.9504757,-30.6487564,2.0106,2.0104,2.0082,2.0051,2.0011,1.9955,1.9877,1.9767,1.9624,1.9468,1.9355,1.9363,1.9526,1.9818,2.0182,2.0562,2.0903,2.1164,2.1336,2.1435,2.1482,2.1498,2.1495,2.1478,2.1445,2.139,2.1309,2.1199,2.1063,2.0912,2.0764,2.0642,2.0572,2.0575,2.0666,2.0848,2.1118,2.1468,2.1898,2.2406,2.2993,2.3653,2.4378,2.5163,2.6008,2.6907,2.7849,2.8804,2.97,3.0418,3.0786,3.0611,2.9744,2.8143,2.5886,2.3143,2.0179,1.7422,1.5443,1.468,1.5104,1.6239,1.7513,0.59897970767228,0.012684014193089644,0.2024271059399264,2.049088716506958,1.1023091077804565,2.054208755493164,1.5451323986053467,0.923700213432312,0.9322390556335449,0.9962007999420166,1.0319466590881348,1.4217250347137451,0.9395711421966553,-9999.0,0.5117019414901733,0.7752267718315125,1.1826846599578857,1.1853572130203247,-413.37860107421875,97.18894958496094,-420.1087646484375,0.003912529442459345,2656.609619140625,2118.19677734375,13.707752227783203,0.2781868875026703,2.5024032592773438,36.95823669433594,-14.300617218017578,18032,13222,999.0,1
22,137.2491267,-30.9824574,1.9617,1.939,1.9211,1.9059,1.8912,1.8759,1.859,1.8401,1.8186,1.7943,1.7667,1.7355,1.7005,1.6612,1.6172,1.5679,1.5132,1.4539,1.3919,1.3307,1.2759,1.2342,1.2128,1.2163,1.2459,1.2984,1.3689,1.4518,1.5421,1.636,1.7301,1.8222,1.9108,1.9948,2.0739,2.1482,2.2182,2.2846,2.3481,2.4092,2.4683,2.5251,2.5794,2.6309,2.6789,2.7226,2.7601,2.7882,2.8014,2.7916,2.7486,2.6629,2.5277,2.3411,2.1059,1.8314,1.5418,1.2911,1.1587,1.1942,1.3613,1.5723,1.7558,0.782199932553699,0.017637887805785346,0.2421037480483324,2.028831958770752,1.0925171375274658,1.9863810539245605,1.5920143127441406,0.888197124004364,0.888197124004364,1.0472723245620728,1.055159330368042,1.3269624710083008,0.9441854357719421,-9999.0,0.5089986324310303,0.778218150138855,1.2300608158111572,1.2237505912780762,-513.6661987304688,155.76702880859375,-596.4520263671875,0.0008575347019359469,1128.3797607421875,355.8556213378906,25.112293243408203,0.6286352872848511,7.358396530151367,37.15757751464844,-25.17669677734375,18032,15524,-999.0,1
23,139.8446852,-31.9363085,2.2892,2.4058,2.4661,2.501,2.5268,2.5497,2.5715,2.5927,2.6148,2.6393,2.664,2.6862,2.7125,2.7536,2.8041,2.8646,2.9403,3.0245,3.1028,3.1709,3.2372,3.3042,3.3534,3.3612,3.3274,3.2667,3.1924,3.1172,3.0383,2.9384,2.8026,2.6326,2.445,2.2583,2.0811,1.9064,1.7102,1.4582,1.1342,0.8009,0.6278,0.717,0.9723,1.2671,1.5433,1.7919,2.017,2.2201,2.3989,2.5506,2.6739,2.768,2.8326,2.8669,2.8693,2.8389,2.7757,2.6825,2.5644,2.43,2.2904,2.1589,2.0475,0.14917053410663542,0.004371139023155761,2.2198148363980383,2.028520107269287,1.1299171447753906,-9999.0,1.4071309566497803,-9999.0,0.8625710606575012,-9999.0,-9999.0,1.4155323505401611,-9999.0,-9999.0,0.5021066665649414,0.9312343001365662,1.309960961341858,1.0616942644119263,344.31707763671875,338.55242919921875,-9999.0,0.00668609282001853,255.0521240234375,54.86602020263672,158.8780975341797,3.1157875061035156,46.610206604003906,89.08574676513672,-40.6185188293457,17082,16926,999.0,1
24,140.6985991,-31.7389335,2.1362,2.1875,2.2128,2.2276,2.2394,2.2509,2.2627,2.2747,2.2868,2.2988,2.3103,2.321,2.3302,2.3363,2.3374,2.3306,2.3145,2.2968,2.3015,2.3256,2.339,2.3311,2.3054,2.275,2.2544,2.2493,2.2665,2.3003,2.3156,2.244,2.0681,2.1207,2.452,2.7962,3.0386,3.1102,2.971,2.6595,2.2599,1.8381,1.4471,1.1642,1.0678,1.166,1.3949,1.6813,1.978,2.2601,2.5122,2.7213,2.8768,2.9734,3.0124,2.9997,2.9424,2.8475,2.7214,2.5715,2.4069,2.2397,2.0854,1.9593,1.8718,0.47805276531301194,0.015863814018238175,3.086635037796199,2.04750657081604,1.0816776752471924,-9999.0,1.4845592975616455,-9999.0,0.8917584419250488,-9999.0,-9999.0,1.4516606330871582,-9999.0,-9999.0,0.5077033042907715,0.8171037435531616,1.2129733562469482,1.1770738363265991,6.999173641204834,120.09519958496094,-105.77102661132812,-0.00017200614092871547,-306.5782165527344,-225.570556640625,43.74077224731445,1.0822923183441162,9.332075119018555,54.95824432373047,-6.970014572143555,18454,2006,999.0,1
25,140.6619331,-31.7420275,2.1249,2.1728,2.1968,2.211,2.2225,2.2338,2.2456,2.2578,2.2704,2.2833,2.2964,2.3096,2.3227,2.3353,2.3464,2.3546,2.3587,2.3604,2.3677,2.3804,2.3924,2.4009,2.4038,2.4038,2.4056,2.4111,2.4233,2.4404,2.4481,2.416,2.3382,2.3768,2.5763,2.7968,2.947,2.9467,2.7515,2.3983,1.9615,1.5021,1.0935,0.8531,0.8659,1.0941,1.4319,1.7937,2.1352,2.4367,2.6877,2.8798,3.0082,3.0734,3.0818,3.0425,2.9643,2.8546,2.7198,2.5666,2.4032,2.2404,2.0914,1.9698,1.884,0.46548528391380756,0.011425239079643762,3.0511725975902384,2.0315701961517334,1.1022766828536987,1.9771124124526978,1.301621675491333,0.871477484703064,0.871477484703064,1.0612218379974365,1.0183134078979492,1.3452566862106323,0.9388254284858704,-9999.0,0.5100224018096924,0.9717179536819458,1.2648110389709473,1.095689296722412,8.198949813842773,119.99779510498047,-97.80530548095703,-3.32062627421692e-05,-262.9913330078125,-239.34970092773438,45.765281677246094,1.1560138463974,9.94831657409668,49.898948669433594,-6.567782402038574,18454,2006,999.0,1
26,140.2392442,-31.8703605,2.5244,2.7083,2.791,2.8357,2.8709,2.9059,2.9426,2.9807,3.0199,3.0602,3.1016,3.1442,3.1887,3.2362,3.2881,3.346,3.411,3.4809,3.5493,3.6103,3.6647,3.7139,3.7515,3.7746,3.7871,3.7949,3.8009,3.8018,3.7891,3.7543,3.694,3.6126,3.5161,3.4056,3.273,3.0969,2.8397,2.4498,1.8843,1.1837,0.5862,0.4623,0.8101,1.3218,1.7916,2.1558,2.4216,2.6137,2.7539,2.8562,2.928,2.9722,2.9888,2.9762,2.9329,2.859,2.7566,2.6305,2.4876,2.3378,2.1928,2.0657,1.9664,0.1278821880347977,0.015331526795273753,2.6103951000999275,2.0509443283081055,1.1069328784942627,1.9580597877502441,1.364400863647461,0.871619701385498,0.8756581544876099,1.0595054626464844,1.0262664556503296,1.3742254972457886,0.9082298874855042,-9999.0,0.5037515163421631,0.9319053888320923,1.2641935348510742,1.0542714595794678,204.11891174316406,204.99420166015625,-4.830575942993164,-0.00019378922297619283,769.630126953125,404.8000183105469,77.93267059326172,1.8661911487579346,17.455331802368164,76.16279602050781,-17.431127548217773,18454,18112,999.0,1
27,139.8334612,-32.0115675,2.2157,2.2974,2.3356,2.3541,2.3645,2.3703,2.3715,2.3689,2.3665,2.3685,2.3694,2.3624,2.3636,2.3967,2.4402,2.4861,2.5489,2.6317,2.7235,2.8182,2.9212,3.0299,3.1115,3.153,3.1958,3.248,3.2855,3.3056,3.3035,3.2617,3.1634,3.0116,2.8296,2.6438,2.4685,2.3015,2.1259,1.9171,1.6601,1.3859,1.197,1.1834,1.3031,1.4675,1.6386,1.8159,2.0023,2.1904,2.3679,2.5238,2.6523,2.7506,2.8177,2.8524,2.8538,2.8212,2.7563,2.6626,2.5463,2.416,2.2823,2.157,2.0504,0.07589528956338891,0.022395847083591266,2.1809971574866784,2.0148065090179443,1.0747435092926025,1.969586730003357,1.41510009765625,0.8591364026069641,0.8637902736663818,1.0569531917572021,1.0191948413848877,1.4265797138214111,0.9488201141357422,-9999.0,0.5005741119384766,0.8793405294418335,1.2442786693572998,1.0610771179199219,285.9698486328125,293.31646728515625,-1.7598668336868286,-0.008506007492542267,472.0452880859375,-340.4242248535156,158.99765014648438,2.640913248062134,41.117103576660156,63.659156799316406,-38.58842849731445,17082,16926,999.0,1
28,139.8019562,-32.0129525,2.142,2.1908,2.2074,2.2075,2.1976,2.1779,2.1464,2.1034,2.0566,2.0133,1.961,1.8891,1.8436,1.8849,1.9492,1.991,2.0235,2.0647,2.1257,2.2211,2.3628,2.53,2.659,2.7375,2.8799,3.0891,3.2748,3.4116,3.4956,3.5087,3.4331,3.2768,3.0749,2.8667,2.6762,2.5085,2.3528,2.1896,2.0027,1.8005,1.6311,1.5411,1.5194,1.5405,1.6041,1.7193,1.882,2.0723,2.2648,2.4395,2.5852,2.6979,2.7769,2.8221,2.8333,2.8105,2.7548,2.6694,2.5598,2.4343,2.3032,2.1781,2.0698,0.06435053229083912,0.011911192817051821,2.1511714131321624,2.0340139865875244,1.0853021144866943,1.9574270248413086,1.3806209564208984,0.8558536171913147,0.8720382452011108,1.0592495203018188,1.0175831317901611,1.513622760772705,0.9551845192909241,-9999.0,0.5007001161575317,0.9039163589477539,1.2444672584533691,1.067415714263916,262.445556640625,263.23687744140625,-3.9135656356811523,0.00827261246740818,1185.7059326171875,653.2210693359375,137.95501708984375,1.7132608890533447,35.36213684082031,79.58039855957031,-38.66145324707031,17082,16926,999.0,1
29,140.6435332,-31.6176235,2.132,2.1789,2.1996,2.21,2.2173,2.2239,2.2301,2.2356,2.24,2.2427,2.2429,2.2391,2.2291,2.2091,2.1737,2.1168,2.0374,1.9604,1.9542,2.0146,2.0608,2.0634,2.031,1.9899,1.9609,1.9453,1.9608,2.006,2.0218,1.891,1.5806,1.6547,2.1162,2.5857,2.9246,3.0746,3.0024,2.7434,2.3863,2.0047,1.6473,1.3686,1.2303,1.2552,1.4064,1.6274,1.8769,2.1303,2.3706,2.5821,2.7507,2.8672,2.9291,2.9389,2.9016,2.8224,2.707,2.5627,2.3992,2.23,2.0725,1.944,1.8564,0.5843472884696,0.011829715788216491,3.0797262679420854,2.027233600616455,1.1028069257736206,1.9810614585876465,1.4552228450775146,0.8800904750823975,0.884514570236206,1.0456318855285645,1.0090233087539673,1.3685699701309204,0.9406564235687256,-9999.0,0.5050695538520813,0.85770583152771,1.246903896331787,1.1774622201919556,-12.753251075744629,92.13152313232422,-111.13958740234375,-6.008103082422167e-05,414.7785339355469,16.298967361450195,43.89091491699219,1.0272399187088013,9.044907569885254,58.44142150878906,-6.541485786437988,18454,2006,-999.0,1
30,140.6516451,-31.7321375,2.1362,2.1875,2.2128,2.2276,2.2394,2.2509,2.2627,2.2747,2.2868,2.2988,2.3103,2.321,2.3302,2.3363,2.3374,2.3306,2.3145,2.2968,2.3015,2.3256,2.339,2.3311,2.3054,2.275,2.2544,2.2493,2.2665,2.3003,2.3156,2.244,2.0681,2.1207,2.452,2.7962,3.0386,3.1102,2.971,2.6595,2.2599,1.8381,1.4471,1.1642,1.0678,1.166,1.3949,1.6813,1.978,2.2601,2.5122,2.7213,2.8768,2.9734,3.0124,2.9997,2.9424,2.8475,2.7214,2.5715,2.4069,2.2397,2.0854,1.9593,1.8718,0.4729592601020622,0.0123385328426218,3.0450020321022295,2.0523550510406494,1.104994535446167,1.9723427295684814,1.3161159753799438,0.8753793835639954,0.8753793835639954,1.056333065032959,1.0134081840515137,1.357048511505127,0.9282220005989075,-9999.0,0.5076229572296143,0.959272027015686,1.2622864246368408,1.099060297012329,-5.146521091461182,119.16255187988281,-104.05549621582031,1.98296329472214e-05,-196.5496826171875,-182.541015625,44.567291259765625,1.140363097190857,9.788385391235352,53.313392639160156,-7.549637794494629,18454,2006,-999.0,1
31,140.8416521,-31.7370256,2.1581,2.2168,2.2449,2.261,2.2737,2.2863,2.2994,2.313,2.327,2.3414,2.3562,2.3716,2.3875,2.4038,2.4194,2.4325,2.4403,2.4426,2.4465,2.4476,2.4354,2.4102,2.3767,2.3425,2.3115,2.2782,2.245,2.2097,2.1429,1.9837,1.7267,1.7279,2.0826,2.4842,2.7748,2.8547,2.6756,2.2935,1.8098,1.2947,0.8181,0.5137,0.504,0.7659,1.1735,1.6148,2.0284,2.3882,2.6816,2.9003,3.0407,3.1062,3.1072,3.0569,2.9672,2.8473,2.7045,2.5457,2.3792,2.2156,2.0682,1.9498,1.8683,0.5185946643514785,0.006360725219315074,3.2218947230129733,2.054698944091797,1.087442398071289,-9999.0,1.3648416996002197,-9999.0,0.8830350637435913,-9999.0,-9999.0,1.4448602199554443,-9999.0,-9999.0,0.506260871887207,0.9025053977966309,1.2313318252563477,1.163637399673462,17.913944244384766,118.41869354248047,-97.3355712890625,-0.0008295271545648575,815.0875244140625,639.8865966796875,41.43009948730469,0.9487178921699524,9.702091217041016,51.88874053955078,-12.4210844039917,18452,2006,-999.0,1
32,140.6380061,-32.3459705,2.4211,2.5695,2.628,2.6504,2.6631,2.6746,2.6862,2.6973,2.707,2.7147,2.7198,2.7215,2.718,2.7055,2.6768,2.6189,2.5136,2.3462,2.1445,2.0509,2.2236,2.4827,2.6859,2.8541,3.0244,3.1902,3.3288,3.4215,3.4557,3.4239,3.3279,3.1821,3.008,2.8241,2.6387,2.4486,2.2394,1.9965,1.7392,1.5717,1.6254,1.8921,2.2749,2.6622,2.9724,3.1683,3.2496,3.2419,3.1822,3.1028,3.023,2.9481,2.8742,2.7945,2.7039,2.6005,2.4864,2.3666,2.2483,2.139,2.0452,1.9706,1.9157,0.012189418689168095,0.020184650683660835,2.8729920549355796,2.0804834365844727,1.0985987186431885,1.9674310684204102,1.2881609201431274,-9999.0,0.8882582187652588,-9999.0,1.005753993988037,1.3974322080612183,0.9060906171798706,-9999.0,0.5061683654785156,0.9623331427574158,1.2371104955673218,1.096623420715332,229.60690307617188,217.98046875,-0.861392080783844,-0.0008203652687370777,413.6629943847656,35.10071563720703,61.7606201171875,1.0216178894042969,14.789473533630371,57.786109924316406,-5.875988960266113,18452,18112,999.0,1
33,136.4798847,-32.7751404,2.6157,2.808,2.8581,2.862,2.8604,2.8622,2.865,2.8645,2.8556,2.8318,2.7855,2.7162,2.6476,2.6099,2.549,2.3785,2.0284,1.4316,0.6062,-0.1794,-0.5326,-0.2485,0.5097,1.3235,1.8895,2.1597,2.2532,2.2922,2.3431,2.4284,2.5319,2.6182,2.6609,2.6446,2.5662,2.4369,2.2784,2.1159,1.973,1.8696,1.8187,1.8256,1.8893,2.0037,2.1561,2.3252,2.4895,2.6359,2.7608,2.8658,2.9544,3.0297,3.0933,3.1456,3.1859,3.2137,3.228,3.2281,3.2121,3.1774,3.1207,3.039,2.9305,0.7622125119172789,0.11328854263381681,0.030662023535023543,1.9959630966186523,1.0736968517303467,-9999.0,1.5577046871185303,-9999.0,0.7417218685150146,-9999.0,-9999.0,1.8438520431518555,-9999.0,0.36446523666381836,0.5022337436676025,0.9856160879135132,1.4711215496063232,1.0059013366699219,271.271484375,275.0692443847656,-18.760162353515625,-0.0021329079754650593,-251.91293334960938,-440.06781005859375,52.52399444580078,1.4161847829818726,11.058472633361816,52.06422424316406,-25.81041717529297,18442,18040,-999.0,1
34,140.6753101,-32.7121075,2.3886,2.5307,2.596,2.6314,2.6594,2.6873,2.7166,2.7471,2.7783,2.81,2.8423,2.8753,2.9094,2.9449,2.9817,3.0197,3.0581,3.0962,3.1335,3.1726,3.2168,3.2609,3.2961,3.3217,3.3401,3.3527,3.3588,3.3546,3.3333,3.2884,3.2193,3.1327,3.0376,2.9404,2.8442,2.75,2.6585,2.5709,2.492,2.438,2.4374,2.5066,2.6246,2.7504,2.8521,2.9137,2.9331,2.9192,2.8856,2.8443,2.8013,2.7551,2.7,2.6308,2.5452,2.4455,2.3374,2.2295,2.1307,2.0484,1.9854,1.9401,1.9083,0.011710510134054058,0.28125154177613804,2.867947100877113,2.0397260189056396,1.0763972997665405,-9999.0,1.2747553586959839,-9999.0,0.7935229539871216,-9999.0,-9999.0,1.7070362567901611,-9999.0,-9999.0,0.5046092867851257,1.0640910863876343,1.3563334941864014,1.0345886945724487,7.4972920417785645,139.59518432617188,-125.17478942871094,4.224852455081418e-05,-85.29278564453125,-338.95135498046875,39.14178466796875,0.9669153690338135,9.741549491882324,42.75578689575195,-5.730644226074219,19220,2006,-999.0,1
35,136.4403397,-32.7194094,2.7291,2.9553,3.0045,2.997,2.985,2.9786,2.9732,2.961,2.9318,2.8718,2.7661,2.6192,2.4968,2.4902,2.5169,2.4428,2.1816,1.6377,0.8325,0.1606,0.0419,0.5169,1.3093,2.0066,2.4483,2.6817,2.8164,2.9309,3.0531,3.18,3.2847,3.3376,3.3248,3.2472,3.115,2.9445,2.7527,2.5529,2.3552,2.1688,2.0049,1.8799,1.8171,1.8403,1.9545,2.1327,2.332,2.5195,2.6806,2.813,2.9203,3.007,3.077,3.1323,3.1742,3.2034,3.22,3.2234,3.2115,3.181,3.1279,3.0484,2.9407,0.807596314649676,0.08916393924477174,0.05689800557014737,-9999.0,-9999.0,-9999.0,-9999.0,-9999.0,-9999.0,-9999.0,-9999.0,2.0545411109924316,-9999.0,0.3341681659221649,0.4992063641548157,1.0433701276779175,1.5476219654083252,1.013075828552246,280.5477294921875,286.89947509765625,-8.141164779663086,-0.004765634424984455,-270.8905334472656,-3.211732864379883,50.16962432861328,1.4315677881240845,9.152490615844727,46.954673767089844,-21.620716094970703,18040,18040,-999.0,1
36,136.4746987,-32.7341134,2.7291,2.9553,3.0045,2.997,2.985,2.9786,2.9732,2.961,2.9318,2.8718,2.7661,2.6192,2.4968,2.4902,2.5169,2.4428,2.1816,1.6377,0.8325,0.1606,0.0419,0.5169,1.3093,2.0066,2.4483,2.6817,2.8164,2.9309,3.0531,3.18,3.2847,3.3376,3.3248,3.2472,3.115,2.9445,2.7527,2.5529,2.3552,2.1688,2.0049,1.8799,1.8171,1.8403,1.9545,2.1327,2.332,2.5195,2.6806,2.813,2.9203,3.007,3.077,3.1323,3.1742,3.2034,3.22,3.2234,3.2115,3.181,3.1279,3.0484,2.9407,0.8006729240218726,0.082690319056822,0.06230985233597105,-9999.0,-9999.0,-9999.0,-9999.0,-9999.0,-9999.0,-9999.0,-9999.0,1.7627841234207153,-9999.0,0.3855421543121338,0.49632352590560913,1.0333055257797241,1.5203996896743774,1.0030992031097412,272.96612548828125,272.3609313964844,-17.77187728881836,0.0007939987699501216,-60.450138092041016,-326.37457275390625,53.311309814453125,1.5582358837127686,11.07972526550293,53.072052001953125,-24.7728271484375,17934,18040,999.0,1
37,140.8360161,-32.6474706,2.2061,2.2768,2.3064,2.321,2.3321,2.3429,2.3538,2.3642,2.3738,2.3828,2.3922,2.4035,2.4191,2.4404,2.468,2.5014,2.5395,2.5811,2.6244,2.6677,2.7093,2.7465,2.7774,2.8021,2.8215,2.8366,2.8478,2.8548,2.8569,2.8537,2.8457,2.8347,2.8227,2.8116,2.8033,2.7994,2.802,2.8126,2.8327,2.8637,2.9078,2.9628,3.0164,3.0497,3.0452,2.994,2.9009,2.7849,2.6727,2.5871,2.5364,2.5118,2.4949,2.4684,2.4219,2.3539,2.2697,2.179,2.0927,2.0192,1.9625,1.9216,1.893,0.005300956679369449,0.1963570018001607,3.0324674876221427,2.053691864013672,1.105491280555725,1.9856786727905273,1.40687894821167,0.8740777373313904,0.8804054260253906,1.0459133386611938,1.0273754596710205,1.3908872604370117,0.930500864982605,-9999.0,0.5045459270477295,0.9069666862487793,1.2557345628738403,1.0554406642913818,17.03275489807129,139.23220825195312,-108.97356414794922,8.842825627652928e-05,5.720005989074707,-317.5769348144531,37.79417419433594,0.8741751313209534,9.914472579956055,38.65718460083008,-2.282710552215576,19220,2006,999.0,1
38,136.4790137,-33.5278714,2.2333,2.3085,2.3249,2.3141,2.2927,2.2666,2.2359,2.1985,2.1514,2.0913,2.0158,1.9257,1.8305,1.7529,1.7217,1.7512,1.8391,1.9692,2.1252,2.3026,2.4905,2.6203,2.5745,2.2883,1.8244,1.2789,0.7049,0.1969,-0.0845,-0.2746,-0.4712,0.1766,1.0497,1.69,2.0491,2.217,2.2803,2.293,2.2838,2.2674,2.2525,2.2459,2.2542,2.2829,2.3349,2.4089,2.4996,2.5989,2.698,2.7888,2.8649,2.9219,2.9581,2.9745,2.9746,2.9639,2.9489,2.9346,2.9214,2.9044,2.8743,2.8219,2.7414,0.19603061473835778,0.10668195563698947,0.2434157515700257,-9999.0,-9999.0,-9999.0,-9999.0,-9999.0,-9999.0,-9999.0,-9999.0,4.613224983215332,-9999.0,0.448788583278656,0.5009250640869141,4.979517936706543,2.636958599090576,1.0016751289367676,340.27069091796875,369.2132568359375,-7.943121910095215,-6.320918328128755e-05,-377.4218444824219,-330.8794250488281,97.37029266357422,2.2787270545959473,25.716699600219727,98.37616729736328,1.6480293273925781,18040,18040,-999.0,1
39,137.3719915,-33.2417684,4.867,5.717,5.7884,5.5024,5.1084,4.719,4.3733,4.0783,3.8291,3.6172,3.4339,3.2712,3.1216,2.9783,2.8348,2.6849,2.52,2.3326,2.1439,2.0238,1.9805,2.0411,2.1279,2.2032,2.2581,2.3135,2.3782,2.4658,2.5719,2.6671,2.7129,2.687,2.599,2.473,2.3291,2.1828,2.0492,1.9443,1.8805,1.8622,1.8869,1.9481,2.0385,2.1494,2.2707,2.3919,2.5058,2.6094,2.7017,2.7821,2.8497,2.9033,2.9425,2.9681,2.9817,2.9856,2.9815,2.9695,2.9475,2.9118,2.8581,2.7834,2.6864,0.4149280847366221,0.021124967506110055,0.08483788208248126,1.9674296379089355,1.0925284624099731,2.015139579772949,1.4225258827209473,0.7737849950790405,0.7737849950790405,1.0448787212371826,1.0490949153900146,1.3763210773468018,0.9786377549171448,-9999.0,0.5061759948730469,0.982367992401123,1.3974628448486328,1.0433481931686401,-35.812774658203125,15.215232849121094,-64.97830200195312,-9.390294144395739e-05,574.62548828125,315.34814453125,50.32933044433594,1.4375733137130737,10.60020637512207,66.08228302001953,-25.153221130371094,17060,6684,999.0,1
40,137.4029325,-33.1960904,5.3644,6.3473,6.4253,6.0879,5.6245,5.168,4.7644,4.421,4.1311,3.8842,3.6707,3.4825,3.3128,3.1557,3.0055,2.8558,2.6989,2.5292,2.3583,2.2276,2.1674,2.2379,2.274,2.2926,2.3027,2.3241,2.3716,2.4562,2.5698,2.6765,2.7222,2.673,2.5461,2.3793,2.2012,2.0308,1.8887,1.797,1.7695,1.8046,1.8878,1.9987,2.119,2.237,2.3464,2.4451,2.534,2.6154,2.691,2.7603,2.8216,2.8723,2.9108,2.9367,2.9511,2.9556,2.9518,2.9397,2.9173,2.8813,2.8278,2.754,2.6587,0.38278980885879155,0.012723545465390113,0.030815256183389192,2.022636890411377,1.0705208778381348,1.9690443277359009,1.3531256914138794,0.7616419196128845,0.7694442868232727,1.0719424486160278,1.0213072299957275,1.3576982021331787,0.9562922716140747,-9999.0,0.5040872097015381,1.0287706851959229,1.391275405883789,1.0201698541641235,-33.09784698486328,15.102012634277344,-56.83171081542969,3.802982973866165e-05,749.0087890625,683.1353149414062,63.496315002441406,1.814693570137024,11.09788990020752,72.79721069335938,-24.47472381591797,17060,6684,-999.0,1
41,138.0246723,-35.7805335,2.1621,2.1746,2.1591,2.1438,2.1323,2.1229,2.1144,2.1063,2.0988,2.092,2.0861,2.0812,2.0775,2.0751,2.0741,2.0746,2.0768,2.0807,2.0863,2.0935,2.1019,2.1115,2.1202,2.1311,2.142,2.1518,2.1608,2.1698,2.1791,2.1888,2.1992,2.2104,2.2226,2.2361,2.2507,2.2662,2.2823,2.2985,2.314,2.328,2.3393,2.3464,2.3474,2.3398,2.3203,2.2849,2.2288,2.1469,2.0341,1.8865,1.7043,1.4965,1.2877,1.1211,1.0467,1.0899,1.2306,1.419,1.6068,1.7615,1.8672,1.9215,1.932,0.02665504784214334,0.11849592762245408,2.305854948224667,1.6734533309936523,-9999.0,-9999.0,2.0497241020202637,-9999.0,0.6144351959228516,-9999.0,-9999.0,1.4614856243133545,-9999.0,-9999.0,0.5011742115020752,0.873929500579834,1.7904796600341797,0.9994956851005554,103.05552673339844,84.08373260498047,-1.7062205076217651,-6.503795157186687e-05,-35.72300338745117,-290.28802490234375,62.18300247192383,0.7975220680236816,15.190900802612305,72.90465545654297,19.886167526245117,19226,13222,-999.0,1
42,137.8762684,-34.7086264,1.5654,1.3823,1.3538,1.4256,1.5361,1.6475,1.745,1.8253,1.89,1.9415,1.9825,2.0149,2.0407,2.0615,2.0793,2.0966,2.117,2.1447,2.1836,2.2358,2.302,2.3859,2.4745,2.5637,2.6495,2.7296,2.8031,2.8688,2.9239,2.9629,2.9783,2.963,2.9125,2.8259,2.7048,2.553,2.3757,2.1805,1.9776,1.7802,1.6057,1.4764,1.4149,1.4327,1.5244,1.6717,1.8535,2.0502,2.2427,2.4112,2.5379,2.6119,2.6329,2.6109,2.5625,2.5062,2.4583,2.4283,2.4154,2.4097,2.3965,2.3644,2.3093,0.008562759995043865,0.006588648864706766,1.2241249728006929,1.7883597612380981,-9999.0,2.0832226276397705,1.5816713571548462,0.7424197196960449,0.7424197196960449,1.096601963043213,1.083584189414978,2.0984039306640625,1.0699554681777954,0.5374812483787537,0.5003863573074341,2.132274627685547,1.7926528453826904,0.9915341138839722,-468.67926025390625,19.657690048217773,-479.2601318359375,1.8605205696076155e-05,294.5770568847656,143.75389099121094,22.8093318939209,0.7736174464225769,4.402961254119873,31.557830810546875,21.152206420898438,18010,6684,-999.0,1
43,134.8850537028381,-33.56083823405647,4.1348,4.6653,4.6698,4.4609,4.1911,3.9223,3.6756,3.4553,3.2593,3.0823,2.9161,2.7473,2.555,2.3107,2.0026,1.7215,1.7215,1.9197,2.1244,2.2832,2.4077,2.5347,2.638,2.7301,2.8165,2.9023,2.9834,3.0601,3.1348,3.2087,3.2813,3.3512,3.4166,3.4759,3.5276,3.5701,3.6016,3.6203,3.6247,3.6144,3.5898,3.5528,3.5062,3.453,3.3958,3.3354,3.2705,3.1982,3.116,3.0236,2.9251,2.8292,2.7473,2.6906,2.6657,2.6729,2.7054,2.7509,2.7947,2.8232,2.8262,2.7985,2.7388,0.020370470990123797,0.021604511970563345,1.1030697993005643,1.8822424411773682,-9999.0,-9999.0,1.4308490753173828,-9999.0,0.7475216388702393,-9999.0,-9999.0,1.551316499710083,-9999.0,-9999.0,0.5019789338111877,1.0109529495239258,1.4447381496429443,1.0223010778427124,-30.568065643310547,23.485843658447266,-9999.0,-1.0686182577046566e-05,-85.3959732055664,-39.9157600402832,15.231334686279297,0.39910826086997986,2.7338685989379883,45.059207916259766,-38.752506256103516,16928,3290,999.0,0
44,139.83085936961535,-35.0024790236629,2.4737,2.6461,2.7171,2.7475,2.7682,2.7888,2.8106,2.8324,2.8529,2.8714,2.8874,2.9005,2.9103,2.9159,2.9157,2.9055,2.8763,2.811,2.6875,2.4872,2.149,1.6684,1.1541,0.9296,1.2587,1.9154,2.5414,2.9994,3.2981,3.4809,3.5826,3.6232,3.6152,3.5704,3.5052,3.443,3.4003,3.3785,3.3682,3.3563,3.3329,3.2951,3.244,3.1835,3.1186,3.0545,2.9953,2.944,2.9016,2.8669,2.8371,2.8082,2.7763,2.739,2.6957,2.647,2.5938,2.5366,2.4754,2.4097,2.3394,2.2652,2.1892,0.018832626694083292,0.9159112828552854,2.566601507511057,1.890906810760498,-9999.0,-9999.0,1.8829998970031738,-9999.0,0.8060394525527954,-9999.0,-9999.0,1.5438683032989502,-9999.0,-9999.0,0.5033913850784302,0.7734720706939697,1.455916166305542,1.0462355613708496,-121.2657470703125,67.72853088378906,-9999.0,-9.601280908100307e-06,-162.34913635253906,-118.27789306640625,19.96064567565918,0.48419493436813354,3.7982125282287598,36.87074279785156,-0.5500871539115906,19220,5028,999.0,0
45,132.1785771508268,-30.40132935718856,2.0774,2.0875,2.0858,2.0832,2.0817,2.0806,2.079,2.0764,2.0725,2.0682,2.0668,2.0751,2.1018,2.1506,2.2142,2.2791,2.3343,2.3752,2.407,2.4373,2.4643,2.4849,2.498,2.4935,2.4737,2.4376,2.3842,2.3168,2.2415,2.1655,2.0952,2.0345,1.9847,1.9445,1.9107,1.8799,1.8506,1.8248,1.8093,1.8153,1.8564,1.9443,2.082,2.2615,2.4688,2.6831,2.8731,3.0011,3.0401,2.9931,2.8905,2.7707,2.6616,2.5753,2.5125,2.4697,2.4438,2.431,2.4261,2.4225,2.4155,2.4031,2.3841,0.049551821867734096,0.008607781000672207,0.13555604940435875,1.993593692779541,1.090043544769287,-9999.0,1.4340089559555054,-9999.0,0.8715790510177612,-9999.0,-9999.0,1.5253124237060547,-9999.0,-9999.0,0.5089865922927856,0.8719722032546997,1.2505266666412354,1.1321178674697876,114.7667465209961,180.79037475585938,-9999.0,4.701815851149149e-05,-344.8690490722656,-305.55670166015625,10.772130966186523,0.19563788175582886,2.789243221282959,26.957317352294922,-9.530579566955566,18940,5694,999.0,0
46,138.21081633773736,-34.09833723345591,2.2964,2.3957,2.413,2.3909,2.3567,2.3229,2.294,2.2708,2.253,2.24,2.2312,2.2259,2.2237,2.2236,2.2239,2.2215,2.2113,2.1886,2.1552,2.1262,2.1295,2.1676,2.1882,2.1967,2.1995,2.2023,2.2098,2.2222,2.2372,2.2538,2.2745,2.3029,2.3406,2.385,2.4307,2.4715,2.5005,2.5202,2.5558,2.6225,2.6951,2.7485,2.7733,2.7718,2.7509,2.7178,2.6779,2.635,2.5929,2.5558,2.5287,2.5147,2.5139,2.5233,2.5383,2.5552,2.5713,2.5837,2.5881,2.5783,2.548,2.4937,2.4162,0.04175879083358144,0.17658376019947486,0.7589119209537751,1.9539356231689453,1.1110601425170898,-9999.0,1.7156633138656616,-9999.0,0.8121634721755981,-9999.0,-9999.0,1.652578592300415,-9999.0,-9999.0,0.5009190440177917,0.7976775765419006,1.3677127361297607,1.0141360759735107,-42.163673400878906,18.90047836303711,-9999.0,-9.758801752468571e-06,1275.492919921875,1005.716552734375,34.053470611572266,1.0990052223205566,7.898752212524414,40.389747619628906,4.007416725158691,18010,2006,-999.0,0
47,140.90000984710753,-37.636717550125034,2.0203,2.0287,2.0342,2.0386,2.0427,2.0471,2.0518,2.0569,2.0625,2.0686,2.0753,2.0826,2.0906,2.0995,2.1092,2.1199,2.1315,2.1437,2.1565,2.1696,2.1831,2.1966,2.2102,2.2237,2.237,2.2502,2.263,2.2754,2.2872,2.2983,2.3088,2.3187,2.328,2.3369,2.3458,2.3549,2.3647,2.3756,2.3878,2.4012,2.4155,2.4294,2.4415,2.45,2.4534,2.451,2.4432,2.4316,2.4188,2.4073,2.3985,2.3928,2.389,2.3854,2.3794,2.3688,2.3514,2.3253,2.2888,2.2406,2.1806,2.1105,2.0352,0.480404250734483,3.20360206483047,5.203192474008136,-9999.0,-9999.0,-9999.0,-9999.0,-9999.0,-9999.0,-9999.0,-9999.0,128.01617431640625,-9999.0,-9999.0,0.5005192160606384,-9999.0,-9999.0,1.0130507946014404,-3955.505859375,69.64247131347656,-9999.0,-8.362379048776347e-06,-106.11041259765625,-88.01036071777344,6.975663185119629,0.1236250102519989,1.7466363906860352,29.572925567626953,0.8247863054275513,19220,3334,-999.0,0
48,131.69222139936912,-27.667164885596648,2.0125,2.0182,2.022,2.025,2.0278,2.0306,2.0337,2.0369,2.0404,2.0441,2.0481,2.0523,2.0568,2.0614,2.0661,2.071,2.0762,2.0828,2.0918,2.1042,2.1195,2.1364,2.1536,2.1702,2.1864,2.2024,2.2184,2.235,2.2523,2.2705,2.2896,2.3099,2.3313,2.354,2.3781,2.4036,2.4306,2.459,2.489,2.5203,2.5529,2.5869,2.6221,2.6586,2.6965,2.7356,2.7759,2.8169,2.858,2.8979,2.9349,2.9666,2.9898,3.0009,2.9959,2.9708,2.9224,2.8493,2.752,2.6349,2.506,2.377,2.2602,0.12569041068337455,0.07774850912237909,0.4257495699962628,1.9946086406707764,1.0445221662521362,2.0219950675964355,1.4328746795654297,0.9238337278366089,0.9238337278366089,1.003194808959961,1.0649895668029785,1.3455296754837036,0.9814187288284302,-9999.0,0.5069860219955444,0.7900713682174683,1.1307594776153564,1.1307660341262817,-946.6064453125,475.65191650390625,-9999.0,-1.1341049685142934e-05,-211.50648498535156,-116.9901123046875,12.87618637084961,0.21899688243865967,2.9025397300720215,36.730525970458984,-143.61639404296875,14542,11414,999.0,0
49,140.68731461654815,-30.15541511514595,1.9743,1.9544,1.9345,1.9131,1.8883,1.8578,1.819,1.7693,1.7071,1.6339,1.5554,1.48,1.4146,1.3686,1.3587,1.3996,1.4825,1.5721,1.6366,1.6823,1.7459,1.8116,1.7763,1.6324,1.4987,1.4019,1.331,1.3638,1.4789,1.7374,2.0408,2.298,2.4888,2.6196,2.6981,2.732,2.7308,2.707,2.6745,2.6459,2.6288,2.6243,2.6295,2.6393,2.6484,2.6521,2.6473,2.6323,2.6074,2.5741,2.5339,2.4881,2.4367,2.3784,2.3119,2.2361,2.1515,2.0612,1.9714,1.8908,1.8282,1.7894,1.7745,0.07845408645419968,0.05208758255429231,3.638926000598178,2.034050941467285,1.1194334030151367,2.0021719932556152,1.5318269729614258,0.8871778249740601,0.8871778249740601,1.0416898727416992,1.0261335372924805,1.3745133876800537,0.9310123920440674,-9999.0,0.5075711011886597,0.828022837638855,1.2623291015625,1.1528544425964355,-755.4176635742188,77.93941497802734,-9999.0,2.7504195259098196e-06,216.51609802246094,380.03619384765625,25.144744873046875,0.4227922260761261,5.5375165939331055,43.34284973144531,-0.7063467502593994,17138,2030,999.0,0
50,135.89630914599968,-32.03899834431506,1.9226,1.9109,1.885,1.8565,1.8458,1.8697,1.9368,2.0461,2.1894,2.3588,2.5598,2.8114,3.1161,3.4919,3.9686,4.5196,5.0024,5.193,4.9879,4.4282,3.5221,2.2101,0.5265,-0.8784,-0.5034,0.662,1.8186,2.6522,3.1736,3.4452,3.5264,3.4869,3.3901,3.2759,3.1618,3.0528,2.9496,2.8536,2.7681,2.6981,2.6501,2.6321,2.6522,2.7138,2.8112,2.931,3.0575,3.177,3.2782,3.3527,3.3957,3.4061,3.3854,3.3372,3.2674,3.1853,3.1036,3.0373,2.997,2.9816,2.9758,2.957,2.9055,1.4087124346527118,0.06730200170248145,0.015563192731491388,2.04952335357666,1.0971624851226807,-9999.0,1.4524292945861816,-9999.0,0.863439679145813,-9999.0,-9999.0,1.4929231405258179,-9999.0,-9999.0,0.5073347091674805,0.8749514222145081,1.2706172466278076,1.1431169509887695,164.41641235351562,164.2670135498047,-3.176346778869629,5.788344424217939e-06,-138.82736206054688,-30.73606300354004,13.811384201049805,0.2521112859249115,3.1094553470611572,33.63075637817383,-1.0539920330047607,17186,17054,-999.0,0
51,134.25837076954707,-31.395399472398395,2.5421,2.7291,2.807,2.8456,2.8762,2.9076,2.9407,2.9743,3.0076,3.0401,3.073,3.1104,3.1619,3.2429,3.3636,3.5172,3.6814,3.8221,3.9103,3.9451,3.9451,3.9259,3.8887,3.8295,3.7548,3.6789,3.613,3.5616,3.5235,3.4934,3.4624,3.419,3.3529,3.2594,3.1447,3.0226,2.9102,2.8233,2.775,2.7737,2.819,2.8995,2.9976,3.0969,3.188,3.2679,3.3376,3.3991,3.4539,3.5016,3.5395,3.5625,3.5642,3.5389,3.4837,3.3997,3.2913,3.1663,3.0367,2.919,2.8277,2.7636,2.712,1.9225203904626296,0.006439019674476606,0.5771244859496141,2.017258405685425,1.096271276473999,-9999.0,1.3843555450439453,-9999.0,0.8718765377998352,-9999.0,-9999.0,1.4429798126220703,-9999.0,-9999.0,0.507261335849762,0.911461353302002,1.257770299911499,1.1274209022521973,61.31458282470703,175.25706481933594,-9999.0,0.000626881723292172,112.8206787109375,111.47273254394531,10.275075912475586,0.10326512157917023,2.010038375854492,36.70288848876953,-48.76457977294922,18458,2030,999.0,0
52,130.09461380639326,-29.94986362846013,1.8882,1.8211,1.7705,1.7279,1.6868,1.6429,1.5934,1.5351,1.4646,1.3773,1.2688,1.1368,0.9866,0.8369,0.7221,0.6803,0.732,0.866,1.0478,1.2429,1.4328,1.612,1.7803,1.9365,2.0776,2.2011,2.3067,2.3956,2.4696,2.5302,2.578,2.6133,2.6362,2.6468,2.6457,2.6337,2.6125,2.5837,2.5498,2.5131,2.4765,2.443,2.4154,2.3966,2.3885,2.3925,2.4087,2.4358,2.4717,2.5135,2.5576,2.6006,2.6391,2.6701,2.6913,2.7011,2.6988,2.6847,2.6599,2.626,2.5845,2.5364,2.4816,0.0780852862781206,0.09623429429899338,0.28105011623681286,2.0062789916992188,1.0515457391738892,1.9535654783248901,1.5233838558197021,-9999.0,0.8840306997299194,-9999.0,0.9798187017440796,1.4147173166275024,0.9890038967132568,-9999.0,0.5025888681411743,0.786672055721283,1.189828634262085,1.10349440574646,-1171.6466064453125,153.70928955078125,-9999.0,-2.623588989081327e-05,-54.77978515625,-70.78692626953125,15.857213973999023,0.315550297498703,3.736849308013916,36.27001953125,-63.08203125,14544,6684,-999.0,0
53,136.24355761596806,-27.95881343386811,2.0243,2.0376,2.0445,2.0473,2.0482,2.0485,2.0486,2.0488,2.0494,2.0507,2.0539,2.0598,2.0682,2.0776,2.0851,2.0878,2.0859,2.0843,2.0872,2.0942,2.1059,2.1193,2.1265,2.1238,2.1142,2.104,2.0983,2.1,2.1108,2.1319,2.1649,2.2115,2.2732,2.3514,2.446,2.5548,2.6717,2.7856,2.881,2.9426,2.96,2.9321,2.8659,2.7771,2.6955,2.6543,2.6584,2.6921,2.7418,2.8001,2.8621,2.9221,2.9737,3.0102,3.0265,3.02,2.9912,2.9421,2.8759,2.7958,2.7044,2.6043,2.498,0.24609718630829774,0.051490245125130514,1.3888382685376266,2.0339884757995605,1.147449016571045,2.0307822227478027,1.2827033996582031,0.8991931676864624,0.8991931676864624,1.0258560180664062,1.0668559074401855,1.3359265327453613,0.9203355312347412,-9999.0,0.5141751766204834,0.9954081773757935,1.2760204076766968,1.2057017087936401,-298.3939514160156,44.89417266845703,-9999.0,-0.00011463402188383043,82.40838623046875,710.3773193359375,39.39738464355469,1.085153579711914,8.557141304016113,56.203590393066406,-12.151302337646484,18076,8042,-999.0,0
54,129.74527817112286,-26.65833855438852,2.0186,2.0274,2.0336,2.0385,2.0432,2.0482,2.0536,2.0598,2.0672,2.0764,2.0884,2.1041,2.1246,2.1521,2.193,2.2363,2.2631,2.2685,2.2607,2.2513,2.2476,2.2513,2.2612,2.2752,2.2916,2.3093,2.3278,2.3469,2.3664,2.3863,2.4063,2.4264,2.4464,2.466,2.4849,2.5029,2.5197,2.535,2.5485,2.56,2.5696,2.577,2.5824,2.5857,2.5867,2.5849,2.5796,2.5698,2.555,2.5349,2.5098,2.4809,2.45,2.4189,2.3899,2.3652,2.3468,2.3363,2.3345,2.3404,2.3503,2.3564,2.348,0.6641961591050988,0.6761957456794544,1.8946485406746647,2.0576210021972656,0.9907060861587524,1.9362337589263916,1.1858325004577637,-9999.0,0.9184505343437195,-9999.0,0.9986934661865234,1.3598204851150513,0.9771998524665833,-9999.0,0.5083507299423218,0.9094083309173584,1.0784032344818115,1.175506591796875,596.1030883789062,596.63427734375,-9999.0,0.0012198840267956257,647.1337280273438,777.4097900390625,28.071617126464844,0.5411827564239502,6.883854389190674,39.498779296875,1.7357547283172607,14552,17296,999.0,0
55,136.70270755751787,-31.3313366634849,1.871,1.7975,1.7412,1.6919,1.6425,1.5893,1.5303,1.4645,1.3922,1.3156,1.2389,1.1695,1.1168,1.0913,1.1008,1.1479,1.2281,1.3323,1.4509,1.5758,1.7016,1.8238,1.9377,2.037,2.1192,2.1892,2.2538,2.3185,2.3864,2.4584,2.5343,2.6132,2.694,2.7755,2.8563,2.935,3.0102,3.0808,3.1456,3.2038,3.2541,3.2957,3.3274,3.3482,3.3576,3.3551,3.3402,3.3125,3.2701,3.2085,3.1182,2.9818,2.7718,2.4504,1.9801,1.3688,0.7723,0.5143,0.7174,1.1407,1.5588,1.8791,2.083,0.9993755268636885,0.06833535308426214,0.011885874175403184,1.9989240169525146,1.0813865661621094,2.030130386352539,1.012193202972412,0.8911877274513245,0.8911877274513245,1.0114508867263794,1.0205481052398682,1.3603920936584473,0.9630886316299438,-9999.0,0.5148489475250244,1.2055848836898804,1.219585657119751,1.2441112995147705,-509.7230224609375,99.99571228027344,-9999.0,-4.6424702304648235e-05,128.66412353515625,211.58702087402344,25.126819610595703,0.8620676398277283,5.815406799316406,44.13408660888672,-18.869064331054688,17190,2020,999.0,0
56,134.58185532575536,-28.50968109659403,2.0133,2.0181,2.0184,2.0165,2.0138,2.011,2.0079,2.0044,2.0001,1.9949,1.9886,1.9808,1.9716,1.9605,1.9473,1.9316,1.9127,1.8892,1.8585,1.8157,1.7526,1.657,1.5147,1.3218,1.1124,0.992,1.0876,1.3701,1.6872,1.9479,2.1372,2.2705,2.3664,2.4392,2.4979,2.5483,2.594,2.6372,2.6796,2.7222,2.7655,2.8095,2.8533,2.8955,2.9343,2.9674,2.9923,3.0074,3.0114,3.0043,2.9867,2.9593,2.9223,2.8752,2.8176,2.7499,2.6746,2.5946,2.5128,2.4316,2.3526,2.278,2.2097,0.645549215787774,0.17701519922107214,0.0271971065008631,2.1576595306396484,1.0612199306488037,1.9082820415496826,1.5336418151855469,0.6716262698173523,0.6450273990631104,1.027220606803894,1.0065271854400635,1.1574935913085938,0.9004065990447998,-9999.0,0.5039991140365601,1.0736583471298218,1.6466498374938965,1.0084909200668335,-286.73193359375,205.21450805664062,-9999.0,-6.343628047034144e-05,143.8997802734375,184.18695068359375,44.111907958984375,1.167100191116333,11.43558120727539,54.654319763183594,-21.147632598876953,18446,8042,-999.0,0
57,139.50879782015238,-26.797828127614416,1.9885,1.9824,1.9776,1.9735,1.9692,1.9642,1.9582,1.951,1.9422,1.9305,1.9141,1.8913,1.8603,1.8197,1.7702,1.7179,1.6737,1.6483,1.644,1.6546,1.6695,1.68,1.6815,1.6729,1.6551,1.6295,1.5973,1.5596,1.5173,1.4712,1.4225,1.3723,1.3223,1.2744,1.2311,1.1951,1.1693,1.1565,1.1593,1.1794,1.218,1.2749,1.3489,1.438,1.5395,1.6501,1.7663,1.8845,2.0006,2.1105,2.2102,2.2955,2.3634,2.4113,2.4386,2.4457,2.4346,2.408,2.369,2.3195,2.2609,2.1939,2.1202,0.3593782959728448,2.9421795699372533,4.516928812229774,1.9891458749771118,1.099225640296936,2.0283408164978027,1.5533311367034912,0.8874719142913818,0.8874719142913818,1.025263786315918,1.035776138305664,1.3548641204833984,0.96258544921875,-9999.0,0.5105552673339844,0.7937613129615784,1.2329909801483154,1.200865626335144,-2004.9404296875,29.336349487304688,-9999.0,-5.32595493041299e-07,-5.240168571472168,-82.458251953125,-9999.0,-9999.0,-9999.0,-9999.0,-18.306255340576172,19208,6658,-999.0,0
58,129.58543650010816,-30.516994168504784,1.9702,1.9506,1.9333,1.9167,1.8985,1.8772,1.8516,1.8218,1.7888,1.7525,1.7124,1.6696,1.6279,1.592,1.563,1.5364,1.5048,1.4638,1.4149,1.3672,1.3355,1.3355,1.3747,1.4485,1.543,1.6435,1.7391,1.8244,1.8981,1.9607,2.0137,2.0584,2.0958,2.1265,2.1506,2.1677,2.1774,2.1789,2.1714,2.1544,2.1275,2.0913,2.0479,2.0014,1.9581,1.9262,1.9142,1.9283,1.9713,2.0414,2.1328,2.2364,2.3422,2.4412,2.5268,2.5954,2.6455,2.6773,2.6919,2.6907,2.6745,2.6431,2.596,0.11263733980306097,0.11263733980306097,0.24842262086053946,1.9727039337158203,1.1043241024017334,2.008298635482788,1.5569372177124023,0.8371278047561646,0.8371278047561646,1.0661907196044922,1.0429105758666992,1.297189712524414,0.9630339741706848,-9999.0,0.5027874112129211,0.8579037189483643,1.3277208805084229,1.0185389518737793,-915.209228515625,154.42724609375,-9999.0,0.00010153085895581171,-39.53399658203125,-146.94552612304688,34.283668518066406,0.8062676191329956,5.633914470672607,47.66218566894531,-64.90763854980469,14544,6684,999.0,0
59,137.76718348327594,-28.183334137874773,1.9706,1.9495,1.9282,1.9035,1.8709,1.8293,1.7927,1.7925,1.8093,1.8173,1.806,1.7719,1.7294,1.6248,1.4731,1.2872,1.0766,0.8823,0.7741,0.7958,0.9202,1.0752,1.204,1.2871,1.3307,1.3486,1.3533,1.3531,1.3537,1.3586,1.3709,1.3924,1.4246,1.4681,1.5224,1.5864,1.6582,1.7355,1.816,1.8973,1.9779,2.0565,2.1326,2.2065,2.2789,2.3511,2.4246,2.5003,2.5788,2.6593,2.7395,2.8154,2.8815,2.9314,2.9589,2.9594,2.9311,2.8753,2.7962,2.6995,2.5918,2.4791,2.3669,1.0191487800669412,1.1386129379927838,2.354037249436503,2.018958330154419,1.1475270986557007,2.066227912902832,1.2087254524230957,0.956475555896759,0.956475555896759,0.9974592328071594,1.0623277425765991,1.2348968982696533,0.9269330501556396,-9999.0,0.507784366607666,1.2178531885147095,1.1997452974319458,1.2062158584594727,-1617.773193359375,-3.2000746726989746,-9999.0,3.805449523497373e-06,-153.49920654296875,-136.99392700195312,14.438000679016113,0.4675670266151428,2.65596604347229,37.155540466308594,-19.913484573364258,14548,2030,-999.0,0
60,139.70285842417562,-29.742040030800084,2.0529,2.0646,2.0604,2.0474,2.0278,2.0008,1.9657,1.9261,1.8923,1.8782,1.8889,1.9146,1.9381,1.9408,1.9036,1.8171,1.715,1.6311,1.5213,1.4729,1.7007,2.1534,2.5177,2.7041,2.7592,2.7504,2.7254,2.7024,2.6831,2.6652,2.6483,2.6332,2.6209,2.6119,2.606,2.6025,2.6012,2.6014,2.6033,2.6071,2.6133,2.6228,2.6366,2.6551,2.6782,2.7039,2.7291,2.7493,2.7602,2.7583,2.7414,2.7088,2.6609,2.5988,2.5243,2.4394,2.347,2.2512,2.1576,2.0726,2.0023,1.9497,1.9145,0.09093859759717395,0.09093859759717395,2.973641401196565,2.028040647506714,1.1019713878631592,1.9986591339111328,1.2880702018737793,0.8747802972793579,0.8768494725227356,1.0300467014312744,1.0136923789978027,1.2645022869110107,0.940778911113739,-9999.0,0.5152285099029541,0.9756001234054565,1.2568159103393555,1.2103252410888672,-191.8638916015625,58.694271087646484,-273.57196044921875,1.6142728782142513e-05,-431.5087890625,-18.839073181152344,36.06854248046875,0.4697442948818207,8.817740440368652,56.6511344909668,-23.819957733154297,19216,2006,-999.0,0
61,138.86748281532655,-27.100983826249944,1.9896,1.9838,1.9791,1.9746,1.9696,1.9636,1.9573,1.9524,1.9491,1.9451,1.9385,1.9282,1.913,1.8912,1.8624,1.8302,1.7998,1.7772,1.7663,1.7661,1.771,1.7749,1.7738,1.7665,1.7538,1.7368,1.7167,1.6946,1.6716,1.6487,1.6274,1.6093,1.5959,1.5889,1.5896,1.5991,1.6178,1.6456,1.682,1.726,1.7766,1.8327,1.893,1.9565,2.0222,2.0892,2.1566,2.2231,2.2878,2.3493,2.4064,2.4578,2.5026,2.5398,2.5685,2.5875,2.5955,2.5905,2.5699,2.5311,2.4722,2.3933,2.2972,0.5509816497550155,2.666802565067283,3.873665996278829,2.0791265964508057,1.1241302490234375,1.9969602823257446,1.4481008052825928,0.9461178779602051,0.9461178779602051,1.0273385047912598,1.0584123134613037,1.290580153465271,0.9102704524993896,-9999.0,0.5146755576133728,0.8214064836502075,1.1886483430862427,1.170445442199707,-2158.9462890625,41.192344665527344,-9999.0,-2.020266947511118e-06,-10.100589752197266,-40.295265197753906,-9999.0,-9999.0,-9999.0,-9999.0,-12.455955505371094,19208,6658,-999.0,0
62,129.00154423890712,-30.363435652631804,1.7741,1.6302,1.4934,1.3479,1.1806,0.9896,0.7972,0.6547,0.604,0.6223,0.6508,0.6616,0.6759,0.7444,0.8982,1.1185,1.36,1.5859,1.7795,1.9394,2.0713,2.1818,2.276,2.3578,2.4309,2.4988,2.5645,2.6298,2.6952,2.76,2.8229,2.8823,2.9364,2.9831,3.0203,3.0457,3.057,3.0515,3.0267,2.9801,2.91,2.8153,2.6961,2.5554,2.4003,2.2447,2.109,2.0162,1.9814,2.0057,2.0763,2.1742,2.2813,2.3842,2.4746,2.5486,2.605,2.6441,2.667,2.6743,2.666,2.6415,2.5993,0.2053881399845947,0.15374958681542344,0.516056842127193,1.9833178520202637,1.1335991621017456,2.0089731216430664,1.7468525171279907,0.8779922723770142,0.8779922723770142,1.071581244468689,1.0440089702606201,1.3105480670928955,0.9489885568618774,-9999.0,0.5034592747688293,0.7391160130500793,1.2911266088485718,1.0234042406082153,-994.1661987304688,180.73907470703125,-9999.0,-0.00038779896567575634,-415.38922119140625,-382.53173828125,25.60902976989746,0.5828759074211121,5.196654796600342,46.336910247802734,-56.36845779418945,14544,6684,999.0,0
63,138.52206342537775,-28.239698009365227,1.9823,1.9717,1.9627,1.9537,1.9436,1.9315,1.9185,1.9085,1.9011,1.8914,1.8755,1.8499,1.8104,1.7476,1.6538,1.5299,1.3874,1.2544,1.1691,1.1521,1.1912,1.2556,1.3164,1.3586,1.3796,1.3838,1.3775,1.3667,1.3564,1.351,1.3541,1.3686,1.3963,1.4381,1.4936,1.5612,1.6388,1.7238,1.8137,1.9064,1.9999,2.0928,2.1841,2.2727,2.3577,2.4381,2.5127,2.5803,2.6399,2.6902,2.7303,2.7592,2.7762,2.7805,2.7715,2.7487,2.7119,2.6614,2.5979,2.5232,2.4396,2.3506,2.2603,0.3004568127456207,1.6978875536073064,2.793087041986174,2.0795609951019287,1.155714511871338,2.023993968963623,1.3914004564285278,0.9250853657722473,0.9282634854316711,1.0245838165283203,1.078168511390686,1.4135639667510986,0.9103343486785889,-9999.0,0.5116124153137207,0.8977519869804382,1.2450264692306519,1.1816284656524658,-1454.7176513671875,31.496755599975586,-9999.0,2.818125722114928e-05,-104.47453308105469,-189.59060668945312,15.74985122680664,0.3977118730545044,2.833808422088623,39.48971939086914,-14.420970916748047,19208,2030,999.0,0
64,132.7460512775026,-30.40492679720922,2.4895,2.6608,2.699,2.6868,2.6658,2.6467,2.6277,2.6048,2.5748,2.5351,2.4836,2.4193,2.3429,2.2513,2.14,2.0057,1.8429,1.6348,1.3508,0.9663,0.5738,0.4939,0.9002,1.4744,2.0407,2.526,2.9156,3.2183,3.448,3.6194,3.745,3.8352,3.8987,3.9431,3.9751,4.0002,4.022,4.0416,4.0577,4.0672,4.0659,4.0501,4.0175,3.9684,3.9055,3.8331,3.7556,3.6762,3.5961,3.5146,3.4294,3.3373,3.2339,3.1155,2.9803,2.831,2.676,2.5302,2.4126,2.3367,2.3019,2.2944,2.2963,0.4618254834977053,0.01951987303025078,0.05625576964701422,1.9423105716705322,1.071831464767456,2.102996826171875,1.4322291612625122,0.8312144875526428,0.8320304155349731,0.9847354292869568,1.0656298398971558,1.3886213302612305,1.0273348093032837,-9999.0,0.5052164196968079,0.9022553563117981,1.2802300453186035,1.1248304843902588,162.64723205566406,184.15792846679688,-9999.0,-0.00020182921434752643,-522.079833984375,-392.9322814941406,5.322388648986816,0.07720840722322464,1.6644641160964966,23.044694900512695,-17.52519989013672,18940,14536,-999.0,0
65,140.17406960112154,-31.183941348034704,2.0558,2.0791,2.0904,2.0954,2.0974,2.0979,2.0969,2.0944,2.0898,2.0822,2.0699,2.0501,2.0181,1.9659,1.8842,1.7724,1.6657,1.637,1.702,1.8218,1.9672,2.1147,2.2401,2.3288,2.3814,2.4069,2.4157,2.4141,2.403,2.3772,2.3278,2.2493,2.1435,2.0139,1.8446,1.5923,1.2065,0.6822,0.1441,-0.1278,0.0103,0.3959,0.8271,1.2004,1.4873,1.696,1.8474,1.9629,2.0584,2.1437,2.2226,2.2946,2.356,2.401,2.4227,2.4141,2.3702,2.2902,2.1798,2.0532,1.9313,1.8356,1.7791,0.349517434317129,0.002451026802674041,2.8044741373272997,2.0616917610168457,1.1218035221099854,1.9732232093811035,1.4087111949920654,0.9135169982910156,0.9068098068237305,1.0547263622283936,1.0107111930847168,1.3746004104614258,0.9174792170524597,-9999.0,0.5077493786811829,0.8783838748931885,1.237161636352539,1.1641414165496826,-187.114013671875,29.52356719970703,-202.64169311523438,-1.5389572581625544e-05,207.53514099121094,334.871337890625,27.276586532592773,0.7262722253799438,6.240573883056641,49.95032501220703,-24.10686683654785,16932,5694,999.0,0
66,137.50060977926628,-26.166629264930013,1.992,1.9879,1.9848,1.9822,1.9796,1.9769,1.9739,1.9709,1.9674,1.9629,1.957,1.9488,1.9371,1.9197,1.8944,1.8598,1.8169,1.772,1.736,1.7172,1.7133,1.7153,1.7145,1.7061,1.6887,1.6625,1.6282,1.5864,1.5379,1.4832,1.4231,1.3587,1.2913,1.2228,1.1555,1.0921,1.036,0.9908,0.9603,0.9477,0.9552,0.9837,1.0328,1.1017,1.1889,1.2934,1.4148,1.553,1.7078,1.8786,2.0631,2.257,2.4531,2.6414,2.8094,2.9439,3.0332,3.0705,3.0551,2.9925,2.8919,2.7633,2.616,2.206473764377484,2.1709783731561183,3.468319633341018,2.0181069374084473,1.1050440073013306,2.023754119873047,1.262497901916504,0.9228646755218506,0.9228646755218506,1.0197490453720093,1.062788486480713,1.2999260425567627,0.9439470171928406,-9999.0,0.5112780332565308,0.9484912157058716,1.1974053382873535,1.252885341644287,-2883.56591796875,39.374237060546875,-9999.0,-3.448584493526141e-07,-52.65467071533203,-28.589954376220703,-9999.0,-9999.0,-9999.0,-9999.0,-25.36203384399414,19208,2030,999.0,0
67,138.10006059060885,-33.611361161816085,2.8419,3.0977,3.1182,3.0219,2.8831,2.7383,2.6025,2.4795,2.3683,2.2659,2.1693,2.0755,1.9821,1.8875,1.7916,1.6978,1.6137,1.5506,1.5202,1.5295,1.5803,1.693,1.8623,2.0292,2.1748,2.2989,2.4049,2.4929,2.5584,2.5953,2.5986,2.5672,2.5037,2.4101,2.2828,2.1075,1.8593,1.5221,1.1473,0.9391,1.147,1.6204,2.0793,2.4179,2.6363,2.7618,2.8205,2.8325,2.814,2.7792,2.7407,2.7088,2.6897,2.6843,2.6897,2.7003,2.7104,2.7142,2.7062,2.6816,2.637,2.5713,2.4856,0.13510545380711786,0.012341336694542194,0.36356082761062225,1.9396239519119263,-9999.0,1.9553674459457397,1.2543352842330933,0.796658992767334,0.796658992767334,1.122193455696106,1.047202467918396,1.162400484085083,1.0,-9999.0,0.5008874535560608,1.4378936290740967,1.3358983993530273,1.0458059310913086,-215.1949462890625,84.66481018066406,-9999.0,-2.774722588583245e-06,-68.43560791015625,218.0172119140625,38.65318298339844,1.1224172115325928,6.79502534866333,44.976341247558594,-4.437765121459961,18274,2030,999.0,0
68,131.89502733824577,-26.771144057881052,2.0163,2.024,2.0293,2.0334,2.0372,2.041,2.0449,2.0492,2.0538,2.0587,2.0639,2.0693,2.0751,2.081,2.087,2.0927,2.0982,2.1035,2.1101,2.1195,2.1324,2.148,2.1652,2.183,2.2009,2.2187,2.2366,2.2549,2.274,2.294,2.3153,2.338,2.3624,2.3884,2.4163,2.446,2.4776,2.5111,2.5464,2.5833,2.6219,2.662,2.7035,2.7465,2.7909,2.8366,2.8832,2.9302,2.9764,3.0202,3.0595,3.0914,3.1126,3.1196,3.1086,3.0764,3.0206,2.9405,2.8375,2.7158,2.5831,2.4497,2.3264,0.2740198163783619,0.5507105375815309,1.0583172833318246,2.0014309883117676,0.9981711506843567,-9999.0,1.138383388519287,-9999.0,0.9033432602882385,-9999.0,-9999.0,1.5373661518096924,-9999.0,-9999.0,0.5039182305335999,0.9801687598228455,1.114011287689209,1.152260184288025,550.7015380859375,550.31298828125,-9999.0,-0.0016338475979864597,-437.7288818359375,-546.986083984375,39.06831741333008,1.2802190780639648,7.508953094482422,39.95848846435547,-15.332319259643555,14552,17068,999.0,0
69,135.9203325381624,-33.613627744429024,2.0277,2.0244,2.0002,1.9608,1.9102,1.8505,1.7823,1.7058,1.6209,1.5278,1.4274,1.3261,1.2499,1.2596,1.3898,1.5447,1.6021,1.4482,0.9765,0.339,0.0894,0.3341,0.9652,1.6626,2.3293,2.993,3.565,3.972,4.1525,4.1299,3.9737,3.7653,3.5309,3.2724,2.9954,2.7212,2.4813,2.3047,2.2058,2.1764,2.191,2.2223,2.2516,2.2713,2.2824,2.291,2.3045,2.329,2.3673,2.4191,2.4816,2.5503,2.6188,2.6806,2.7306,2.7672,2.7924,2.8099,2.8216,2.8253,2.8138,2.7789,2.7145,0.06523820206129845,0.0724989393699411,0.538037161470705,1.8612041473388672,-9999.0,-9999.0,1.4838192462921143,-9999.0,0.7337415218353271,-9999.0,-9999.0,1.531619906425476,-9999.0,-9999.0,0.5110369920730591,1.05441153049469,1.5628808736801147,1.1686391830444336,-81.83738708496094,88.83844757080078,-9999.0,-6.311803008429706e-05,-339.36627197265625,-314.3192138671875,10.66721248626709,0.25252312421798706,2.1839542388916016,33.69585418701172,-35.18778610229492,16928,2030,999.0,0
70,134.59979291467292,-27.19913220070749,1.9967,1.9947,1.9931,1.9919,1.9907,1.9896,1.9883,1.987,1.9855,1.9838,1.982,1.98,1.9778,1.9753,1.9727,1.9698,1.9667,1.9634,1.9599,1.9561,1.9521,1.9476,1.9425,1.9368,1.9303,1.9238,1.9181,1.9128,1.907,1.9003,1.8925,1.8842,1.8756,1.8673,1.8598,1.8541,1.8512,1.8523,1.8587,1.8715,1.8916,1.9194,1.9549,1.9976,2.0467,2.1015,2.1615,2.2271,2.299,2.3785,2.4665,2.5627,2.6649,2.7684,2.866,2.9488,3.0073,3.034,3.0245,2.9788,2.9012,2.7988,2.6789,0.17169664204664267,0.13151193266108,0.8945413607516907,2.0707952976226807,1.1617025136947632,2.099961519241333,1.2515928745269775,0.8504024147987366,0.7900385856628418,0.9658373594284058,1.0719683170318604,1.347591757774353,0.9037206172943115,-9999.0,0.5122359991073608,1.1808059215545654,1.4774861335754395,1.1082730293273926,-673.5850830078125,206.38272094726562,-9999.0,-6.041375399945537e-06,-289.2970886230469,-16.271207809448242,50.53575897216797,0.9684381484985352,12.555204391479492,59.54612731933594,-37.90570831298828,19206,6658,999.0,0
71,137.97648189260667,-33.93242745881961,2.3283,2.47,2.5133,2.4976,2.4566,2.4096,2.3655,2.3283,2.3,2.282,2.2749,2.2787,2.2912,2.3063,2.3111,2.283,2.1968,2.0453,1.8637,1.746,1.8323,2.072,2.2798,2.4067,2.4469,2.4165,2.3409,2.2365,2.1058,1.946,1.7557,1.5371,1.2965,1.0479,0.8116,0.5912,0.348,0.0838,-0.0175,0.2273,0.7103,1.2307,1.6684,1.9958,2.2261,2.3802,2.4756,2.5263,2.5449,2.5438,2.5354,2.5296,2.5321,2.5445,2.565,2.5904,2.6169,2.6398,2.6526,2.6476,2.6185,2.562,2.4796,0.10882767206091892,0.07433092450902265,0.4939217807551367,1.75788152217865,-9999.0,-9999.0,1.1571515798568726,-9999.0,0.5753315687179565,-9999.0,-9999.0,1.629204511642456,-9999.0,-9999.0,0.5059619545936584,1.4150828123092651,1.6279841661453247,1.0048232078552246,-202.97018432617188,81.530029296875,-223.62298583984375,-0.00011499510583234951,311.4975891113281,154.70339965820312,23.01666259765625,0.6528395414352417,5.478061676025391,37.498069763183594,8.459851264953613,18098,15524,-999.0,0
72,139.30463006953607,-31.128376087307927,1.9587,1.9275,1.8986,1.8716,1.8449,1.8173,1.7872,1.7538,1.7158,1.6721,1.6213,1.5616,1.491,1.4089,1.3181,1.2288,1.1601,1.1346,1.1641,1.2362,1.3195,1.3973,1.4983,1.6581,1.8676,2.0932,2.3095,2.511,2.7002,2.8756,3.0262,3.1327,3.1752,3.1429,3.0394,2.8784,2.675,2.4415,2.1879,1.929,1.6937,1.5284,1.4748,1.5322,1.6495,1.763,1.8302,1.8384,1.7965,1.7253,1.6504,1.5972,1.5856,1.6238,1.7032,1.8,1.8851,1.9363,1.9457,1.9209,1.8794,1.8402,1.8157,0.04507424342443036,0.04507424342443036,1.9987567336350263,2.0134470462799072,1.0537868738174438,1.9634442329406738,1.229576826095581,-9999.0,0.909730076789856,-9999.0,1.0071725845336914,1.3288114070892334,0.9681424498558044,-9999.0,0.5092915296554565,0.9422432780265808,1.158422589302063,1.0913996696472168,-1578.74462890625,82.50926208496094,-9999.0,-1.9629318558145314e-05,152.201416015625,59.6419677734375,52.49760437011719,1.4294991493225098,9.901735305786133,62.771663665771484,-12.872913360595703,19218,2006,-999.0,0
73,133.70950136918893,-26.0579320647706,1.9932,1.9896,1.987,1.9848,1.9827,1.9805,1.9782,1.9756,1.9727,1.9695,1.9658,1.9618,1.9572,1.952,1.9462,1.9397,1.9322,1.9239,1.9143,1.9035,1.8912,1.8773,1.8618,1.8445,1.8255,1.805,1.7829,1.7592,1.7339,1.7071,1.6791,1.6504,1.6218,1.5941,1.5683,1.5456,1.5273,1.5147,1.5094,1.5129,1.5268,1.5529,1.5925,1.6471,1.7176,1.8046,1.908,2.0269,2.1592,2.3019,2.4507,2.5998,2.7421,2.8692,2.9717,3.0406,3.0687,3.053,2.9962,2.9061,2.7937,2.6705,2.5458,0.5979859545832276,0.8557908371459293,1.4395416808870796,2.0652356147766113,1.0747803449630737,2.031106948852539,1.3480217456817627,0.8319545984268188,0.8421438932418823,1.0,1.0262274742126465,1.4033222198486328,0.9605113863945007,-9999.0,0.5033342838287354,0.9468579292297363,1.276411533355713,1.0941452980041504,465.74261474609375,466.5860595703125,-9.640310287475586,0.0016732425428926945,822.6781005859375,306.778076171875,144.45132446289062,3.495011329650879,21.88971519470215,91.8482666015625,-47.90309143066406,14552,17068,-999.0,0
74,139.15837682993097,-31.95056932859545,2.1351,2.1696,2.1686,2.1489,2.1148,2.0643,1.9963,1.9225,1.8792,1.9017,1.9688,2.0414,2.1036,2.1567,2.2026,2.2324,2.2239,2.1645,2.0655,1.9217,1.6962,1.3537,0.859,0.4165,0.4932,1.1395,1.8112,2.2668,2.5081,2.6045,2.6144,2.5759,2.5155,2.4521,2.397,2.3542,2.3215,2.2933,2.2629,2.227,2.1872,2.1471,2.1121,2.0947,2.1098,2.1615,2.2407,2.3332,2.427,2.515,2.593,2.6585,2.7102,2.7466,2.7657,2.7645,2.74,2.6899,2.6141,2.5164,2.4039,2.2868,2.1758,0.06375633710403386,0.40002027564294335,1.6031547038010716,2.0550901889801025,1.0676395893096924,-9999.0,1.3372998237609863,-9999.0,0.8691920042037964,-9999.0,-9999.0,1.4288955926895142,-9999.0,-9999.0,0.5114796161651611,0.9184952974319458,1.2280148267745972,1.1534745693206787,251.57464599609375,251.1611785888672,-5.212695598602295,-1.696356775937602e-06,-272.51055908203125,-547.1015625,52.59225845336914,1.4768227338790894,11.021568298339844,54.73108673095703,-13.77142333984375,19218,15524,-999.0,0
75,137.24423254669495,-29.4708328367198,1.9329,1.8782,1.818,1.7489,1.6654,1.5759,1.5068,1.4516,1.3785,1.2667,1.098,0.8952,0.7192,0.6363,0.674,0.8281,1.0758,1.3557,1.6077,1.8031,1.9417,2.0364,2.1028,2.1522,2.1895,2.2179,2.2403,2.2594,2.2784,2.3002,2.3274,2.361,2.4013,2.4472,2.4963,2.5441,2.5844,2.6096,2.6118,2.5835,2.5187,2.4173,2.2926,2.1732,2.0908,2.0608,2.0804,2.1375,2.2199,2.318,2.4246,2.5318,2.6285,2.701,2.737,2.7305,2.6841,2.6071,2.5118,2.4098,2.3109,2.2223,2.1473,0.05767042530604093,0.11493972453411795,1.0187252315505608,-9999.0,-9999.0,-9999.0,-9999.0,-9999.0,-9999.0,-9999.0,-9999.0,1.2730517387390137,-9999.0,-9999.0,0.5030766129493713,6.37884521484375,-9999.0,1.0068488121032715,-225.2860870361328,-6.192942142486572,-9999.0,1.8878978153225034e-05,227.40460205078125,753.7064208984375,17.02739143371582,0.34240975975990295,2.0442116260528564,39.82835388183594,-31.338584899902344,19218,2020,-999.0,0
76,140.66974378700297,-29.564504728330824,1.8628,1.7739,1.6983,1.6317,1.5679,1.4997,1.4181,1.3136,1.1881,1.0927,1.1792,1.5391,1.994,2.4293,2.8081,3.0714,3.1717,3.1715,3.1428,3.0886,3.0231,2.9672,2.931,2.9141,2.9118,2.9186,2.9302,2.9438,2.9584,2.9752,2.9959,3.0212,3.0504,3.0821,3.115,3.1478,3.1792,3.208,3.2332,3.2538,3.2687,3.2772,3.2786,3.2723,3.258,3.2357,3.2053,3.1672,3.1215,3.0686,3.0084,2.9408,2.8647,2.7789,2.6817,2.5725,2.4529,2.3275,2.2048,2.095,2.0066,1.9433,1.9033,0.45087680516361167,0.4508768059477104,3.9055658881762603,2.057325601577759,1.114312767982483,1.9564393758773804,1.3790925741195679,0.8837158679962158,0.8918362855911255,1.0666667222976685,1.0143834352493286,1.385600209236145,0.9228130578994751,-9999.0,0.5096404552459717,0.9063853025436401,1.249458909034729,1.1689244508743286,-818.9952392578125,77.45394134521484,-9999.0,-1.3957818737253547e-05,-311.37933349609375,-114.51392364501953,17.833816528320312,0.3351529836654663,4.533649444580078,37.645843505859375,-0.21138235926628113,19216,2030,999.0,0
77,138.97680010266455,-28.55008474911546,1.7143,1.5118,1.3088,1.0744,0.7731,0.3973,0.0498,-0.0207,0.2128,0.493,0.6962,0.8273,0.9521,1.0232,0.9836,0.9769,1.0756,1.3038,1.6166,1.9021,2.0995,2.2153,2.2832,2.3341,2.3858,2.4444,2.5095,2.5781,2.6472,2.7142,2.7775,2.8357,2.8883,2.9346,2.9744,3.0076,3.0344,3.0549,3.0693,3.078,3.0811,3.0791,3.0721,3.0606,3.0447,3.025,3.0017,2.9752,2.9454,2.9125,2.876,2.8356,2.7909,2.7413,2.6868,2.6272,2.5628,2.4939,2.4213,2.3464,2.2715,2.1993,2.1329,0.2368022096552245,1.3028934497708318,2.931758928490939,2.0480105876922607,1.1114212274551392,2.0089778900146484,1.2525506019592285,0.9160498380661011,0.8781247138977051,1.0400195121765137,1.0121638774871826,1.2531191110610962,0.9277810454368591,-9999.0,0.5055696368217468,1.0229541063308716,1.268432855606079,1.1855278015136719,-1325.7308349609375,15.412164688110352,-9999.0,2.301867880305508e-06,-240.98587036132812,-288.86578369140625,15.3090181350708,0.44140827655792236,2.6678829193115234,38.63691711425781,-17.84008026123047,19208,2030,-999.0,0
78,133.74995584039553,-30.830589706708977,2.2812,2.3721,2.4054,2.4193,2.4295,2.44,2.4509,2.4618,2.4728,2.4842,2.4952,2.5036,2.507,2.5073,2.5144,2.5358,2.5629,2.5854,2.6056,2.633,2.6738,2.7264,2.7802,2.8253,2.8593,2.8832,2.897,2.8985,2.884,2.8507,2.7992,2.7347,2.6652,2.5992,2.5443,2.5069,2.493,2.5077,2.5545,2.6334,2.7399,2.8672,3.0083,3.1568,3.3074,3.4543,3.5914,3.7106,3.8028,3.8594,3.874,3.8447,3.7734,3.6642,3.5213,3.3474,3.1453,2.9214,2.694,2.502,2.3865,2.3506,2.3575,1.3923109925956347,0.0061323086294771244,0.4173508360002722,1.9888499975204468,1.061579942703247,2.0105435848236084,1.3744773864746094,0.8924405574798584,0.8924405574798584,1.0272506475448608,1.0432536602020264,1.343170404434204,0.9766636490821838,-9999.0,0.51011723279953,0.8662427663803101,1.1893877983093262,1.1887712478637695,8.959074020385742,128.68759155273438,-9999.0,0.00022941506176721305,50.97666549682617,-174.2904815673828,5.334848880767822,0.054390110075473785,1.4538685083389282,25.972461700439453,-54.393104553222656,14536,5694,999.0,0
79,136.9029897607668,-33.4963103070061,2.5077,2.6841,2.7218,2.6874,2.6232,2.5485,2.4707,2.3923,2.3149,2.241,2.1755,2.1262,2.1033,2.1161,2.168,2.2524,2.3515,2.4401,2.4944,2.5007,2.4571,2.3772,2.2855,2.2687,2.4125,2.6387,2.7927,2.8899,2.9879,3.0661,3.1424,3.2522,3.3368,3.3798,3.3827,3.3479,3.2807,3.189,3.0822,2.9687,2.8574,2.7591,2.6858,2.6486,2.6515,2.6892,2.7495,2.8183,2.8841,2.939,2.9789,3.0024,3.0103,3.0049,2.9904,2.9719,2.9544,2.94,2.9261,2.9053,2.8681,2.8063,2.7166,0.619525420707938,0.016021753263282392,0.11971303341640076,-9999.0,-9999.0,-9999.0,-9999.0,-9999.0,-9999.0,-9999.0,-9999.0,2.149568557739258,-9999.0,0.3011612296104431,0.5036947727203369,1.0743286609649658,1.6633429527282715,1.02323579788208,311.1505432128906,294.9893798828125,-0.48633280396461487,-0.00013014391879551113,-170.8410186767578,-68.82853698730469,21.464326858520508,1.6846544742584229,4.905158042907715,43.19230651855469,1.8678600788116455,18442,18442,999.0,0
80,139.52757793114677,-29.28411770337187,1.8698,1.7888,1.7183,1.6514,1.581,1.501,1.4076,1.3011,1.1869,1.0669,0.9199,0.706,0.4115,0.0844,-0.1508,-0.1537,0.1023,0.5149,0.9685,1.376,1.6898,1.9058,2.0447,2.1346,2.1964,2.2448,2.2896,2.3361,2.3855,2.4373,2.4903,2.543,2.5938,2.641,2.6827,2.7169,2.7411,2.7529,2.7495,2.7287,2.6893,2.6324,2.5623,2.4874,2.4196,2.3708,2.3483,2.3524,2.377,2.413,2.4512,2.4839,2.5053,2.5118,2.501,2.472,2.4252,2.363,2.2896,2.2117,2.1365,2.0701,2.016,0.4563327276694669,0.4563327286684855,2.994087179800675,2.0184237957000732,1.1236804723739624,2.016547679901123,1.3247294425964355,0.9224440455436707,0.9224440455436707,1.0373941659927368,1.0272153615951538,1.218946933746338,0.9369341135025024,-9999.0,0.5221680998802185,0.9196861982345581,1.2181169986724854,1.2653498649597168,-1118.873046875,2.7996950149536133,-9999.0,1.0394783203082625e-06,-234.99859619140625,-166.71826171875,35.69560623168945,0.8176455497741699,6.912917137145996,54.308509826660156,-20.154329299926758,19216,2006,999.0,0
81,140.08840756540513,-33.32706066916214,2.0235,2.0326,2.036,2.036,2.0341,2.0307,2.026,2.0197,2.012,2.0039,1.9977,1.9969,2.0058,2.0276,2.0624,2.1073,2.157,2.1973,2.1993,2.1426,2.0318,1.8715,1.6973,1.6227,1.6535,1.7222,1.8662,2.0553,2.2282,2.3648,2.4675,2.5406,2.5908,2.6305,2.6725,2.7233,2.7818,2.8427,2.9001,2.9501,2.9904,3.0205,3.0411,3.0531,3.0576,3.0559,3.0488,3.0362,3.0164,2.9863,2.9415,2.8784,2.7954,2.6944,2.5805,2.461,2.3451,2.242,2.1589,2.0983,2.057,2.0274,2.0021,0.0841944554720104,0.8711909362249511,2.3212309454094417,1.9276551008224487,-9999.0,-9999.0,1.2839643955230713,-9999.0,0.8192237019538879,-9999.0,-9999.0,1.5263391733169556,-9999.0,-9999.0,0.5061947107315063,1.0290095806121826,1.3143377304077148,1.052281141281128,-123.17063903808594,103.18340301513672,-9999.0,-0.0003280755481682718,-200.92657470703125,-244.54083251953125,39.485816955566406,0.7217838168144226,8.845481872558594,43.7734375,-8.16340446472168,19220,2030,999.0,0
82,129.10239043627385,-31.185455801603013,2.0239,2.027,2.0194,2.0054,1.9876,1.9671,1.9444,1.9192,1.8915,1.8614,1.8291,1.7953,1.7608,1.7265,1.6932,1.6622,1.6347,1.612,1.5961,1.5895,1.5963,1.6196,1.658,1.7069,1.7605,1.8143,1.8656,1.9135,1.958,1.9998,2.0403,2.0807,2.1225,2.1671,2.2155,2.2682,2.3252,2.386,2.4493,2.513,2.5741,2.6293,2.6744,2.7052,2.7174,2.7079,2.6755,2.6224,2.5566,2.4921,2.4462,2.4328,2.4551,2.5054,2.5704,2.6372,2.6964,2.7418,2.7703,2.78,2.77,2.7396,2.6881,0.02518968738740486,0.2497632144959982,1.0662418352264236,2.005258321762085,1.0965461730957031,1.9815982580184937,1.2800185680389404,0.8120287656784058,0.8120287656784058,1.0683794021606445,1.0223071575164795,1.2676223516464233,0.9535702466964722,-9999.0,0.5018473863601685,1.0663018226623535,1.3505290746688843,1.017404556274414,-114.88768005371094,130.3335723876953,-9999.0,-0.00021491630468517542,-22.151412963867188,17.542255401611328,45.860740661621094,1.0075962543487549,7.033105850219727,49.365501403808594,-38.484336853027344,17274,6684,-999.0,0
83,132.57944066162182,-28.73896248735309,2.0246,2.0202,2.0067,1.9887,1.967,1.9404,1.9075,1.8675,1.8225,1.78,1.7535,1.7571,1.8055,1.9469,2.2406,2.659,3.1461,3.6217,3.9398,3.9787,3.7665,3.4589,3.175,2.9682,2.8436,2.7838,2.7665,2.7747,2.7974,2.8289,2.8659,2.9064,2.9486,2.991,3.032,3.07,3.1033,3.1302,3.1488,3.1565,3.1503,3.1267,3.0822,3.0139,2.9205,2.8041,2.6718,2.538,2.4241,2.3517,2.3312,2.3553,2.4042,2.4567,2.4956,2.5091,2.4905,2.4384,2.357,2.2566,2.1522,2.0603,1.994,0.04256986945810571,0.04698581435204518,0.01189970316931199,2.013420581817627,1.025986671447754,1.9987199306488037,1.4540929794311523,0.7854183912277222,0.7854183912277222,1.0081605911254883,1.0542490482330322,1.337989091873169,0.9807908535003662,0.5961695313453674,0.5051332712173462,0.906317949295044,1.30720853805542,1.0423434972763062,-31.464420318603516,273.3646240234375,-9999.0,8.36976250866428e-05,-359.90277099609375,-166.9917755126953,67.59336853027344,0.21757394075393677,22.515628814697266,72.6859130859375,-13.248664855957031,19206,8602,-999.0,0
84,133.6921038037297,-30.59178680623783,2.5162,2.6891,2.7509,2.7743,2.7898,2.8054,2.8215,2.838,2.856,2.8774,2.904,2.9358,2.9714,3.0097,3.0514,3.0978,3.1478,3.2002,3.2572,3.3146,3.3602,3.3825,3.3774,3.3527,3.3202,3.2878,3.2588,3.2326,3.2055,3.1738,3.1355,3.0913,3.0444,2.9993,2.96,2.9305,2.9146,2.9168,2.942,2.994,3.0742,3.1803,3.3072,3.4477,3.5938,3.7361,3.8638,3.9641,4.0249,4.0378,4.0008,3.9186,3.7991,3.6493,3.4721,3.2661,3.029,2.765,2.4991,2.2873,2.1826,2.1786,2.2211,1.1506007385219637,0.013927887953087033,0.2324577956613075,2.0267527103424072,1.0389389991760254,1.9622818231582642,1.6379549503326416,0.9010010957717896,0.900970458984375,1.0501865148544312,1.0137333869934082,1.2997682094573975,0.9683629274368286,-9999.0,0.504727840423584,0.7042186260223389,1.1531331539154053,1.1266398429870605,107.48699951171875,109.147705078125,-35.111839294433594,0.00015852475189603865,145.0283660888672,2.0803232192993164,22.39461898803711,0.5895399451255798,5.243751525878906,43.42525100708008,-29.61625099182129,14536,18900,999.0,0
85,137.16744788892748,-31.711939725355446,2.2416,2.3218,2.3499,2.3586,2.3628,2.3668,2.3708,2.3739,2.3758,2.3766,2.3768,2.3767,2.3751,2.3699,2.3597,2.345,2.3295,2.3206,2.3322,2.3814,2.4675,2.568,2.6679,2.7209,2.7149,2.6522,2.559,2.4579,2.3505,2.226,2.0794,1.9236,1.7876,1.7038,1.69,1.7412,1.8411,1.9776,2.1422,2.3228,2.4996,2.6461,2.7344,2.7419,2.6576,2.485,2.2418,1.9612,1.6925,1.4892,1.3788,1.3473,1.3575,1.3813,1.4153,1.4759,1.5781,1.7195,1.8828,2.0454,2.1853,2.2839,2.3295,0.7667831666184798,0.15898510712267713,0.006492127719830945,2.0943922996520996,1.1208908557891846,2.004082441329956,1.5833358764648438,0.9220689535140991,0.9220689535140991,1.0086517333984375,1.0276424884796143,1.3404977321624756,0.9041085243225098,-9999.0,0.5183106660842896,0.7677079439163208,1.215451717376709,1.2330973148345947,-745.3297119140625,92.48817443847656,-9999.0,0.00014602408919017762,582.2230834960938,377.84765625,25.57888412475586,0.5921404361724854,6.981228351593018,42.92734909057617,-22.195096969604492,17354,17098,999.0,0
